datum,sat,minut,restoran,broj_gostiju,jelo,status,ocena,termin,dan_u_nedelji,mesec
2026-04-13,20,0,Zlatna Ribica,3,Šopska salata,cancelled,3,2026-04-13 20:00:00,Monday,April
2026-06-29,12,0,Sonic Restaurant,2,Palačinke,completed,4,2026-06-29 12:00:00,Monday,June
2026-04-03,21,30,Stara Srpska Kuća,5,Baklava,confirmed,4,2026-04-03 21:30:00,Friday,April
2026-01-15,19,30,Zlatna Ribica,4,Pršuta i sir,cancelled,4,2026-01-15 19:30:00,Thursday,January
2026-04-17,20,0,Villa Nova,2,Grilovani list,confirmed,3,2026-04-17 20:00:00,Friday,April
2026-03-13,21,0,Rustika,2,Punjene pečurke,completed,5,2026-03-13 21:00:00,Friday,March
2026-07-08,13,30,Rustika,5,Punjene pečurke,completed,4,2026-07-08 13:30:00,Wednesday,July
2026-01-21,13,0,Trpeza Balkana,4,Karađorđeva šnicla,confirmed,5,2026-01-21 13:00:00,Wednesday,January
2026-04-13,20,30,Sonic Restaurant,4,Rižoto sa plodovima mora,confirmed,5,2026-04-13 20:30:00,Monday,April
2026-05-02,19,30,Trpeza Balkana,1,Baklava,confirmed,5,2026-05-02 19:30:00,Saturday,May
2026-03-16,20,0,Stara Srpska Kuća,6,Pileći medaljoni,confirmed,3,2026-03-16 20:00:00,Monday,March
2026-07-22,19,0,Zlatna Ribica,2,Grilovani list,confirmed,4,2026-07-22 19:00:00,Wednesday,July
2026-03-29,13,30,Zlatna Ribica,3,Palačinke,confirmed,5,2026-03-29 13:30:00,Sunday,March
2026-04-27,20,0,Stara Srpska Kuća,4,Karađorđeva šnicla,confirmed,4,2026-04-27 20:00:00,Monday,April
2026-04-10,18,0,Trpeza Balkana,4,Karađorđeva šnicla,completed,5,2026-04-10 18:00:00,Friday,April
2026-04-14,12,0,Rustika,2,Punjene pečurke,cancelled,4,2026-04-14 12:00:00,Tuesday,April
2026-06-01,13,0,Stara Srpska Kuća,2,Rižoto sa plodovima mora,confirmed,5,2026-06-01 13:00:00,Monday,June
2026-05-11,13,30,Rustika,4,Šopska salata,confirmed,5,2026-05-11 13:30:00,Monday,May
2026-05-30,20,30,Stara Srpska Kuća,5,Karađorđeva šnicla,confirmed,4,2026-05-30 20:30:00,Saturday,May
2026-02-22,20,30,Zlatna Ribica,2,Grilovani list,confirmed,4,2026-02-22 20:30:00,Sunday,February
2026-01-02,12,30,Sonic Restaurant,6,Karađorđeva šnicla,completed,3,2026-01-02 12:30:00,Friday,January
2026-03-29,21,0,Zlatna Ribica,4,Tiramisu,completed,4,2026-03-29 21:00:00,Sunday,March
2026-06-07,19,0,Villa Nova,5,Rižoto sa plodovima mora,completed,5,2026-06-07 19:00:00,Sunday,June
2026-02-07,20,30,Rustika,4,Rižoto sa plodovima mora,confirmed,4,2026-02-07 20:30:00,Saturday,February
2026-05-10,19,30,Trpeza Balkana,4,Karađorđeva šnicla,completed,4,2026-05-10 19:30:00,Sunday,May
2026-07-11,13,0,Stara Srpska Kuća,6,Karađorđeva šnicla,confirmed,5,2026-07-11 13:00:00,Saturday,July
2026-07-07,12,30,Rustika,2,Rižoto sa plodovima mora,cancelled,3,2026-07-07 12:30:00,Tuesday,July
2026-01-21,21,30,Stara Srpska Kuća,3,Karađorđeva šnicla,cancelled,4,2026-01-21 21:30:00,Wednesday,January
2026-06-10,12,0,Rustika,6,Pileći medaljoni,completed,5,2026-06-10 12:00:00,Wednesday,June
2026-07-23,21,30,Sonic Restaurant,1,Pileći medaljoni,cancelled,4,2026-07-23 21:30:00,Thursday,July
2026-02-27,18,0,Stara Srpska Kuća,2,Šopska salata,confirmed,3,2026-02-27 18:00:00,Friday,February
2026-01-22,21,0,Trpeza Balkana,4,Punjene pečurke,cancelled,4,2026-01-22 21:00:00,Thursday,January
2026-03-30,21,30,Stara Srpska Kuća,6,Rižoto sa plodovima mora,confirmed,3,2026-03-30 21:30:00,Monday,March
2026-02-18,18,0,Stara Srpska Kuća,4,Grilovani list,confirmed,4,2026-02-18 18:00:00,Wednesday,February
2026-02-28,20,30,Sonic Restaurant,5,Šopska salata,confirmed,4,2026-02-28 20:30:00,Saturday,February
2026-06-19,19,0,Stara Srpska Kuća,6,Punjene pečurke,cancelled,4,2026-06-19 19:00:00,Friday,June
2026-07-07,20,30,Stara Srpska Kuća,2,Karađorđeva šnicla,cancelled,4,2026-07-07 20:30:00,Tuesday,July
2026-07-27,12,30,Stara Srpska Kuća,1,Palačinke,cancelled,4,2026-07-27 12:30:00,Monday,July
2026-01-15,13,30,Sonic Restaurant,5,Karađorđeva šnicla,cancelled,5,2026-01-15 13:30:00,Thursday,January
2026-07-09,19,0,Stara Srpska Kuća,2,Karađorđeva šnicla,completed,3,2026-07-09 19:00:00,Thursday,July
2026-07-09,21,0,Trpeza Balkana,1,Karađorđeva šnicla,cancelled,4,2026-07-09 21:00:00,Thursday,July
2026-06-24,20,30,Stara Srpska Kuća,4,Palačinke,cancelled,5,2026-06-24 20:30:00,Wednesday,June
2026-07-09,13,0,Villa Nova,6,Pileći medaljoni,completed,3,2026-07-09 13:00:00,Thursday,July
2026-02-20,19,30,Rustika,6,Šopska salata,confirmed,4,2026-02-20 19:30:00,Friday,February
2026-04-18,19,30,Sonic Restaurant,2,Grilovani list,completed,5,2026-04-18 19:30:00,Saturday,April
2026-02-24,12,0,Trpeza Balkana,4,Pileći medaljoni,cancelled,3,2026-02-24 12:00:00,Tuesday,February
2026-03-05,19,30,Rustika,4,Rižoto sa plodovima mora,cancelled,5,2026-03-05 19:30:00,Thursday,March
2026-05-11,21,0,Villa Nova,6,Baklava,cancelled,4,2026-05-11 21:00:00,Monday,May
2026-02-20,12,30,Zlatna Ribica,2,Karađorđeva šnicla,cancelled,5,2026-02-20 12:30:00,Friday,February
2026-05-15,19,0,Stara Srpska Kuća,5,Grilovani list,completed,4,2026-05-15 19:00:00,Friday,May
2026-01-21,12,30,Zlatna Ribica,4,Karađorđeva šnicla,completed,4,2026-01-21 12:30:00,Wednesday,January
2026-03-14,13,30,Zlatna Ribica,2,Baklava,completed,3,2026-03-14 13:30:00,Saturday,March
2026-06-16,12,0,Zlatna Ribica,2,Pileći medaljoni,confirmed,5,2026-06-16 12:00:00,Tuesday,June
2026-01-18,19,30,Sonic Restaurant,5,Rižoto sa plodovima mora,completed,5,2026-01-18 19:30:00,Sunday,January
2026-05-12,13,30,Rustika,3,Rižoto sa plodovima mora,completed,5,2026-05-12 13:30:00,Tuesday,May
2026-03-30,20,0,Villa Nova,4,Domaći sok,cancelled,5,2026-03-30 20:00:00,Monday,March
2026-03-01,19,30,Stara Srpska Kuća,4,Baklava,confirmed,4,2026-03-01 19:30:00,Sunday,March
2026-01-14,21,0,Stara Srpska Kuća,1,Punjene pečurke,confirmed,3,2026-01-14 21:00:00,Wednesday,January
2026-01-09,20,30,Stara Srpska Kuća,5,Grilovani list,confirmed,5,2026-01-09 20:30:00,Friday,January
2026-03-31,13,0,Rustika,2,Karađorđeva šnicla,completed,4,2026-03-31 13:00:00,Tuesday,March
2026-02-22,18,30,Trpeza Balkana,6,Tiramisu,confirmed,5,2026-02-22 18:30:00,Sunday,February
2026-05-10,20,30,Zlatna Ribica,1,Rižoto sa plodovima mora,confirmed,4,2026-05-10 20:30:00,Sunday,May
2026-03-25,19,30,Sonic Restaurant,2,Grilovani list,confirmed,5,2026-03-25 19:30:00,Wednesday,March
2026-04-02,20,0,Zlatna Ribica,4,Pileći medaljoni,completed,4,2026-04-02 20:00:00,Thursday,April
2026-04-21,20,0,Sonic Restaurant,1,Palačinke,confirmed,4,2026-04-21 20:00:00,Tuesday,April
2026-07-07,19,0,Sonic Restaurant,2,Rižoto sa plodovima mora,confirmed,3,2026-07-07 19:00:00,Tuesday,July
2026-07-18,21,0,Trpeza Balkana,5,Pršuta i sir,confirmed,4,2026-07-18 21:00:00,Saturday,July
2026-06-21,12,30,Villa Nova,3,Baklava,confirmed,5,2026-06-21 12:30:00,Sunday,June
2026-01-08,21,30,Villa Nova,6,Rižoto sa plodovima mora,completed,4,2026-01-08 21:30:00,Thursday,January
2026-06-24,20,0,Villa Nova,4,Grilovani list,confirmed,4,2026-06-24 20:00:00,Wednesday,June
2026-02-04,13,0,Sonic Restaurant,1,Kafa,cancelled,5,2026-02-04 13:00:00,Wednesday,February
2026-07-25,13,0,Sonic Restaurant,4,Tiramisu,confirmed,4,2026-07-25 13:00:00,Saturday,July
2026-03-22,19,30,Trpeza Balkana,4,Baklava,confirmed,5,2026-03-22 19:30:00,Sunday,March
2026-06-13,21,0,Villa Nova,4,Punjene pečurke,confirmed,5,2026-06-13 21:00:00,Saturday,June
2026-02-19,13,0,Stara Srpska Kuća,5,Grilovani list,confirmed,4,2026-02-19 13:00:00,Thursday,February
2026-04-14,20,30,Sonic Restaurant,4,Palačinke,confirmed,3,2026-04-14 20:30:00,Tuesday,April
2026-05-12,19,30,Stara Srpska Kuća,3,Grilovani list,confirmed,5,2026-05-12 19:30:00,Tuesday,May
2026-01-02,18,0,Zlatna Ribica,2,Baklava,completed,4,2026-01-02 18:00:00,Friday,January
2026-05-14,13,30,Sonic Restaurant,2,Palačinke,completed,3,2026-05-14 13:30:00,Thursday,May
2026-02-23,20,0,Sonic Restaurant,3,Pršuta i sir,completed,4,2026-02-23 20:00:00,Monday,February
2026-04-16,20,30,Stara Srpska Kuća,2,Baklava,completed,4,2026-04-16 20:30:00,Thursday,April
2026-01-04,21,0,Sonic Restaurant,2,Baklava,confirmed,4,2026-01-04 21:00:00,Sunday,January
2026-02-23,12,0,Rustika,4,Karađorđeva šnicla,cancelled,5,2026-02-23 12:00:00,Monday,February
2026-07-10,20,0,Stara Srpska Kuća,2,Punjene pečurke,confirmed,5,2026-07-10 20:00:00,Friday,July
2026-05-26,18,0,Trpeza Balkana,1,Karađorđeva šnicla,completed,5,2026-05-26 18:00:00,Tuesday,May
2026-02-13,13,30,Zlatna Ribica,3,Pileći medaljoni,confirmed,4,2026-02-13 13:30:00,Friday,February
2026-06-11,19,30,Rustika,1,Karađorđeva šnicla,cancelled,5,2026-06-11 19:30:00,Thursday,June
2026-07-21,19,30,Stara Srpska Kuća,1,Rižoto sa plodovima mora,completed,4,2026-07-21 19:30:00,Tuesday,July
2026-07-09,12,30,Villa Nova,1,Baklava,confirmed,4,2026-07-09 12:30:00,Thursday,July
2026-01-14,20,0,Zlatna Ribica,4,Vino kuće,completed,3,2026-01-14 20:00:00,Wednesday,January
2026-04-05,19,0,Villa Nova,6,Grilovani list,confirmed,4,2026-04-05 19:00:00,Sunday,April
2026-02-17,12,30,Rustika,1,Pileći medaljoni,completed,5,2026-02-17 12:30:00,Tuesday,February
2026-01-15,18,30,Stara Srpska Kuća,3,Pileći medaljoni,completed,3,2026-01-15 18:30:00,Thursday,January
2026-07-19,21,30,Stara Srpska Kuća,6,Tiramisu,confirmed,3,2026-07-19 21:30:00,Sunday,July
2026-07-25,19,30,Stara Srpska Kuća,6,Pileći medaljoni,confirmed,4,2026-07-25 19:30:00,Saturday,July
2026-07-09,13,30,Zlatna Ribica,1,Punjene pečurke,confirmed,4,2026-07-09 13:30:00,Thursday,July
2026-02-09,12,0,Stara Srpska Kuća,5,Tiramisu,completed,4,2026-02-09 12:00:00,Monday,February
2026-07-27,13,0,Stara Srpska Kuća,1,Rižoto sa plodovima mora,confirmed,5,2026-07-27 13:00:00,Monday,July
2026-03-23,12,0,Sonic Restaurant,5,Palačinke,completed,3,2026-03-23 12:00:00,Monday,March
2026-04-21,19,30,Stara Srpska Kuća,1,Palačinke,cancelled,4,2026-04-21 19:30:00,Tuesday,April
2026-02-22,12,30,Stara Srpska Kuća,3,Tiramisu,confirmed,5,2026-02-22 12:30:00,Sunday,February
2026-01-24,12,30,Sonic Restaurant,5,Grilovani list,cancelled,4,2026-01-24 12:30:00,Saturday,January
2026-06-03,20,30,Stara Srpska Kuća,4,Rižoto sa plodovima mora,completed,4,2026-06-03 20:30:00,Wednesday,June
2026-07-07,18,0,Sonic Restaurant,6,Palačinke,confirmed,4,2026-07-07 18:00:00,Tuesday,July
2026-05-04,12,0,Sonic Restaurant,1,Rižoto sa plodovima mora,confirmed,5,2026-05-04 12:00:00,Monday,May
2026-02-10,21,30,Sonic Restaurant,6,Pršuta i sir,completed,5,2026-02-10 21:30:00,Tuesday,February
2026-06-06,20,0,Rustika,1,Karađorđeva šnicla,confirmed,3,2026-06-06 20:00:00,Saturday,June
2026-01-15,20,0,Zlatna Ribica,2,Karađorđeva šnicla,confirmed,3,2026-01-15 20:00:00,Thursday,January
2026-02-14,12,30,Sonic Restaurant,1,Rižoto sa plodovima mora,confirmed,4,2026-02-14 12:30:00,Saturday,February
2026-03-06,21,30,Sonic Restaurant,2,Pršuta i sir,completed,4,2026-03-06 21:30:00,Friday,March
2026-03-30,13,30,Rustika,2,Rižoto sa plodovima mora,completed,4,2026-03-30 13:30:00,Monday,March
2026-03-12,13,30,Rustika,2,Pršuta i sir,completed,5,2026-03-12 13:30:00,Thursday,March
2026-01-09,19,30,Rustika,6,Pileći medaljoni,confirmed,4,2026-01-09 19:30:00,Friday,January
2026-03-29,20,30,Trpeza Balkana,5,Punjene pečurke,completed,3,2026-03-29 20:30:00,Sunday,March
2026-05-09,13,0,Stara Srpska Kuća,1,Pršuta i sir,cancelled,4,2026-05-09 13:00:00,Saturday,May
2026-05-16,12,0,Stara Srpska Kuća,2,Rižoto sa plodovima mora,confirmed,4,2026-05-16 12:00:00,Saturday,May
2026-03-04,19,30,Stara Srpska Kuća,1,Rižoto sa plodovima mora,confirmed,5,2026-03-04 19:30:00,Wednesday,March
2026-05-19,19,0,Villa Nova,1,Karađorđeva šnicla,cancelled,4,2026-05-19 19:00:00,Tuesday,May
2026-03-22,13,30,Trpeza Balkana,2,Pileći medaljoni,completed,4,2026-03-22 13:30:00,Sunday,March
2026-05-16,19,30,Trpeza Balkana,2,Pršuta i sir,completed,3,2026-05-16 19:30:00,Saturday,May
2026-06-12,21,30,Sonic Restaurant,2,Pileći medaljoni,cancelled,5,2026-06-12 21:30:00,Friday,June
2026-06-12,19,30,Rustika,6,Rižoto sa plodovima mora,completed,3,2026-06-12 19:30:00,Friday,June
2026-02-02,21,0,Stara Srpska Kuća,2,Šopska salata,confirmed,4,2026-02-02 21:00:00,Monday,February
2026-05-03,18,30,Stara Srpska Kuća,2,Karađorđeva šnicla,completed,5,2026-05-03 18:30:00,Sunday,May
2026-01-05,13,0,Sonic Restaurant,1,Palačinke,completed,4,2026-01-05 13:00:00,Monday,January
2026-02-10,20,30,Zlatna Ribica,2,Karađorđeva šnicla,cancelled,4,2026-02-10 20:30:00,Tuesday,February
2026-01-28,21,30,Sonic Restaurant,3,Domaći sok,confirmed,5,2026-01-28 21:30:00,Wednesday,January
2026-05-15,12,30,Rustika,1,Pileći medaljoni,completed,3,2026-05-15 12:30:00,Friday,May
2026-07-20,20,0,Stara Srpska Kuća,4,Rižoto sa plodovima mora,completed,3,2026-07-20 20:00:00,Monday,July
2026-03-13,19,30,Zlatna Ribica,2,Grilovani list,confirmed,4,2026-03-13 19:30:00,Friday,March
2026-01-12,12,30,Zlatna Ribica,4,Karađorđeva šnicla,confirmed,3,2026-01-12 12:30:00,Monday,January
2026-06-11,13,30,Sonic Restaurant,5,Grilovani list,cancelled,4,2026-06-11 13:30:00,Thursday,June
2026-02-02,20,0,Rustika,4,Karađorđeva šnicla,confirmed,4,2026-02-02 20:00:00,Monday,February
2026-02-17,20,0,Trpeza Balkana,2,Punjene pečurke,completed,4,2026-02-17 20:00:00,Tuesday,February
2026-05-31,19,0,Trpeza Balkana,1,Grilovani list,completed,4,2026-05-31 19:00:00,Sunday,May
2026-03-03,13,30,Rustika,5,Šopska salata,confirmed,5,2026-03-03 13:30:00,Tuesday,March
2026-02-06,19,0,Trpeza Balkana,5,Karađorđeva šnicla,cancelled,4,2026-02-06 19:00:00,Friday,February
2026-04-09,13,30,Stara Srpska Kuća,6,Palačinke,completed,5,2026-04-09 13:30:00,Thursday,April
2026-06-21,20,0,Trpeza Balkana,4,Pileći medaljoni,confirmed,3,2026-06-21 20:00:00,Sunday,June
2026-04-14,18,0,Sonic Restaurant,1,Karađorđeva šnicla,confirmed,5,2026-04-14 18:00:00,Tuesday,April
2026-02-04,13,30,Stara Srpska Kuća,6,Rižoto sa plodovima mora,cancelled,5,2026-02-04 13:30:00,Wednesday,February
2026-07-12,12,0,Stara Srpska Kuća,2,Karađorđeva šnicla,confirmed,4,2026-07-12 12:00:00,Sunday,July
2026-04-11,21,30,Trpeza Balkana,4,Karađorđeva šnicla,confirmed,5,2026-04-11 21:30:00,Saturday,April
2026-06-24,12,30,Trpeza Balkana,6,Pileći medaljoni,confirmed,5,2026-06-24 12:30:00,Wednesday,June
2026-07-25,13,0,Stara Srpska Kuća,2,Punjene pečurke,confirmed,4,2026-07-25 13:00:00,Saturday,July
2026-05-11,12,30,Trpeza Balkana,3,Palačinke,completed,4,2026-05-11 12:30:00,Monday,May
2026-01-01,13,30,Rustika,3,Pileći medaljoni,cancelled,4,2026-01-01 13:30:00,Thursday,January
2026-01-05,12,0,Stara Srpska Kuća,4,Domaći sok,cancelled,4,2026-01-05 12:00:00,Monday,January
2026-05-22,20,0,Stara Srpska Kuća,2,Tiramisu,confirmed,4,2026-05-22 20:00:00,Friday,May
2026-04-13,20,30,Trpeza Balkana,2,Palačinke,confirmed,3,2026-04-13 20:30:00,Monday,April
2026-01-27,12,0,Stara Srpska Kuća,4,Pileći medaljoni,completed,5,2026-01-27 12:00:00,Tuesday,January
2026-05-17,20,30,Zlatna Ribica,6,Karađorđeva šnicla,confirmed,4,2026-05-17 20:30:00,Sunday,May
2026-07-26,19,30,Stara Srpska Kuća,2,Karađorđeva šnicla,completed,5,2026-07-26 19:30:00,Sunday,July
2026-01-15,12,0,Sonic Restaurant,2,Pršuta i sir,cancelled,4,2026-01-15 12:00:00,Thursday,January
2026-03-31,13,0,Trpeza Balkana,4,Rižoto sa plodovima mora,cancelled,5,2026-03-31 13:00:00,Tuesday,March
2026-02-11,12,0,Trpeza Balkana,4,Karađorđeva šnicla,confirmed,4,2026-02-11 12:00:00,Wednesday,February
2026-05-04,19,0,Rustika,4,Pileći medaljoni,completed,5,2026-05-04 19:00:00,Monday,May
2026-07-24,13,30,Rustika,1,Karađorđeva šnicla,confirmed,5,2026-07-24 13:30:00,Friday,July
2026-06-28,13,30,Trpeza Balkana,2,Šopska salata,confirmed,3,2026-06-28 13:30:00,Sunday,June
2026-03-04,13,0,Trpeza Balkana,6,Karađorđeva šnicla,completed,4,2026-03-04 13:00:00,Wednesday,March
2026-04-06,20,0,Stara Srpska Kuća,4,Pršuta i sir,cancelled,5,2026-04-06 20:00:00,Monday,April
2026-02-21,19,30,Zlatna Ribica,4,Baklava,completed,4,2026-02-21 19:30:00,Saturday,February
2026-04-06,20,30,Stara Srpska Kuća,3,Karađorđeva šnicla,cancelled,3,2026-04-06 20:30:00,Monday,April
2026-05-12,18,30,Rustika,2,Pileći medaljoni,cancelled,3,2026-05-12 18:30:00,Tuesday,May
2026-05-31,12,30,Sonic Restaurant,3,Šopska salata,confirmed,4,2026-05-31 12:30:00,Sunday,May
2026-05-23,20,0,Zlatna Ribica,1,Grilovani list,completed,4,2026-05-23 20:00:00,Saturday,May
2026-06-20,18,30,Stara Srpska Kuća,2,Karađorđeva šnicla,confirmed,4,2026-06-20 18:30:00,Saturday,June
2026-01-29,12,30,Trpeza Balkana,2,Rižoto sa plodovima mora,confirmed,5,2026-01-29 12:30:00,Thursday,January
2026-02-05,13,0,Rustika,3,Pileći medaljoni,completed,4,2026-02-05 13:00:00,Thursday,February
2026-01-13,20,30,Sonic Restaurant,6,Pršuta i sir,completed,5,2026-01-13 20:30:00,Tuesday,January
2026-06-09,13,30,Rustika,2,Karađorđeva šnicla,completed,4,2026-06-09 13:30:00,Tuesday,June
2026-03-12,21,0,Stara Srpska Kuća,2,Pileći medaljoni,confirmed,4,2026-03-12 21:00:00,Thursday,March
2026-07-06,21,0,Zlatna Ribica,1,Grilovani list,confirmed,3,2026-07-06 21:00:00,Monday,July
2026-03-27,21,0,Rustika,4,Baklava,confirmed,5,2026-03-27 21:00:00,Friday,March
2026-01-28,13,30,Sonic Restaurant,4,Grilovani list,confirmed,2,2026-01-28 13:30:00,Wednesday,January
2026-03-07,12,30,Villa Nova,5,Baklava,confirmed,5,2026-03-07 12:30:00,Saturday,March
2026-06-19,21,0,Stara Srpska Kuća,1,Rižoto sa plodovima mora,completed,4,2026-06-19 21:00:00,Friday,June
2026-02-14,19,0,Stara Srpska Kuća,2,Šopska salata,completed,5,2026-02-14 19:00:00,Saturday,February
2026-03-03,21,30,Rustika,3,Pileći medaljoni,confirmed,4,2026-03-03 21:30:00,Tuesday,March
2026-07-04,12,0,Stara Srpska Kuća,2,Pršuta i sir,completed,3,2026-07-04 12:00:00,Saturday,July
2026-05-14,21,0,Villa Nova,1,Rižoto sa plodovima mora,confirmed,5,2026-05-14 21:00:00,Thursday,May
2026-01-28,19,0,Villa Nova,5,Šopska salata,cancelled,5,2026-01-28 19:00:00,Wednesday,January
2026-01-28,13,30,Stara Srpska Kuća,4,Rižoto sa plodovima mora,confirmed,4,2026-01-28 13:30:00,Wednesday,January
2026-04-18,13,30,Zlatna Ribica,3,Pileći medaljoni,completed,5,2026-04-18 13:30:00,Saturday,April
2026-02-13,18,30,Stara Srpska Kuća,6,Pileći medaljoni,cancelled,4,2026-02-13 18:30:00,Friday,February
2026-03-25,13,30,Sonic Restaurant,2,Baklava,cancelled,5,2026-03-25 13:30:00,Wednesday,March
2026-01-30,12,30,Stara Srpska Kuća,5,Punjene pečurke,confirmed,4,2026-01-30 12:30:00,Friday,January
2026-07-09,20,30,Stara Srpska Kuća,6,Rižoto sa plodovima mora,completed,5,2026-07-09 20:30:00,Thursday,July
2026-03-16,20,0,Sonic Restaurant,1,Punjene pečurke,confirmed,4,2026-03-16 20:00:00,Monday,March
2026-05-08,12,30,Sonic Restaurant,4,Pršuta i sir,confirmed,5,2026-05-08 12:30:00,Friday,May
2026-04-02,21,30,Villa Nova,5,Tiramisu,confirmed,4,2026-04-02 21:30:00,Thursday,April
2026-07-09,12,0,Rustika,2,Baklava,cancelled,5,2026-07-09 12:00:00,Thursday,July
2026-05-09,20,30,Trpeza Balkana,2,Pršuta i sir,cancelled,4,2026-05-09 20:30:00,Saturday,May
2026-05-01,20,30,Zlatna Ribica,2,Rižoto sa plodovima mora,confirmed,3,2026-05-01 20:30:00,Friday,May
2026-01-27,19,0,Rustika,4,Šopska salata,completed,5,2026-01-27 19:00:00,Tuesday,January
2026-07-09,13,0,Sonic Restaurant,6,Pršuta i sir,cancelled,2,2026-07-09 13:00:00,Thursday,July
2026-05-01,20,0,Trpeza Balkana,2,Vino kuće,confirmed,5,2026-05-01 20:00:00,Friday,May
2026-04-26,13,30,Villa Nova,4,Grilovani list,confirmed,5,2026-04-26 13:30:00,Sunday,April
2026-07-24,18,0,Sonic Restaurant,5,Karađorđeva šnicla,confirmed,4,2026-07-24 18:00:00,Friday,July
2026-01-03,20,30,Trpeza Balkana,4,Karađorđeva šnicla,completed,4,2026-01-03 20:30:00,Saturday,January
2026-04-13,21,30,Rustika,2,Pršuta i sir,completed,5,2026-04-13 21:30:00,Monday,April
2026-07-17,13,30,Rustika,4,Tiramisu,completed,4,2026-07-17 13:30:00,Friday,July
2026-07-19,19,30,Trpeza Balkana,2,Karađorđeva šnicla,confirmed,5,2026-07-19 19:30:00,Sunday,July
2026-06-04,21,0,Sonic Restaurant,2,Šopska salata,confirmed,5,2026-06-04 21:00:00,Thursday,June
2026-05-17,12,0,Sonic Restaurant,2,Punjene pečurke,confirmed,5,2026-05-17 12:00:00,Sunday,May
2026-03-03,13,30,Stara Srpska Kuća,1,Šopska salata,confirmed,3,2026-03-03 13:30:00,Tuesday,March
2026-06-14,13,0,Trpeza Balkana,1,Rižoto sa plodovima mora,confirmed,4,2026-06-14 13:00:00,Sunday,June
2026-02-20,19,30,Stara Srpska Kuća,4,Baklava,confirmed,3,2026-02-20 19:30:00,Friday,February
2026-06-21,20,30,Rustika,3,Karađorđeva šnicla,completed,3,2026-06-21 20:30:00,Sunday,June
2026-06-01,12,30,Stara Srpska Kuća,2,Šopska salata,confirmed,4,2026-06-01 12:30:00,Monday,June
2026-07-26,18,0,Stara Srpska Kuća,1,Grilovani list,completed,4,2026-07-26 18:00:00,Sunday,July
2026-02-28,19,30,Sonic Restaurant,4,Pileći medaljoni,cancelled,4,2026-02-28 19:30:00,Saturday,February
2026-04-28,21,30,Trpeza Balkana,1,Baklava,cancelled,4,2026-04-28 21:30:00,Tuesday,April
2026-06-09,13,0,Stara Srpska Kuća,6,Grilovani list,cancelled,5,2026-06-09 13:00:00,Tuesday,June
2026-04-06,13,0,Sonic Restaurant,2,Karađorđeva šnicla,completed,4,2026-04-06 13:00:00,Monday,April
2026-06-29,13,0,Sonic Restaurant,1,Punjene pečurke,confirmed,5,2026-06-29 13:00:00,Monday,June
2026-04-23,21,0,Stara Srpska Kuća,4,Pileći medaljoni,cancelled,5,2026-04-23 21:00:00,Thursday,April
2026-03-03,19,30,Stara Srpska Kuća,4,Pileći medaljoni,cancelled,3,2026-03-03 19:30:00,Tuesday,March
2026-07-05,19,0,Rustika,4,Grilovani list,completed,4,2026-07-05 19:00:00,Sunday,July
2026-02-21,12,30,Zlatna Ribica,3,Karađorđeva šnicla,completed,4,2026-02-21 12:30:00,Saturday,February
2026-01-12,18,0,Stara Srpska Kuća,2,Rižoto sa plodovima mora,completed,5,2026-01-12 18:00:00,Monday,January
2026-02-08,13,0,Rustika,2,Karađorđeva šnicla,confirmed,5,2026-02-08 13:00:00,Sunday,February
2026-05-10,13,0,Villa Nova,2,Palačinke,completed,4,2026-05-10 13:00:00,Sunday,May
2026-05-11,19,0,Zlatna Ribica,5,Karađorđeva šnicla,confirmed,5,2026-05-11 19:00:00,Monday,May
2026-04-23,21,0,Zlatna Ribica,4,Rižoto sa plodovima mora,confirmed,3,2026-04-23 21:00:00,Thursday,April
2026-04-11,21,0,Rustika,6,Karađorđeva šnicla,completed,4,2026-04-11 21:00:00,Saturday,April
2026-04-23,19,30,Villa Nova,1,Karađorđeva šnicla,completed,3,2026-04-23 19:30:00,Thursday,April
2026-07-03,19,0,Trpeza Balkana,4,Punjene pečurke,confirmed,5,2026-07-03 19:00:00,Friday,July
2026-03-22,18,0,Sonic Restaurant,2,Pršuta i sir,completed,5,2026-03-22 18:00:00,Sunday,March
2026-07-06,19,0,Zlatna Ribica,4,Karađorđeva šnicla,cancelled,3,2026-07-06 19:00:00,Monday,July
2026-04-23,18,0,Trpeza Balkana,1,Karađorđeva šnicla,completed,4,2026-04-23 18:00:00,Thursday,April
2026-01-02,19,30,Stara Srpska Kuća,3,Karađorđeva šnicla,confirmed,4,2026-01-02 19:30:00,Friday,January
2026-05-10,12,0,Sonic Restaurant,2,Šopska salata,cancelled,5,2026-05-10 12:00:00,Sunday,May
2026-02-23,21,0,Rustika,3,Pršuta i sir,confirmed,3,2026-02-23 21:00:00,Monday,February
2026-03-28,18,0,Zlatna Ribica,2,Karađorđeva šnicla,completed,5,2026-03-28 18:00:00,Saturday,March
2026-05-09,19,0,Sonic Restaurant,2,Pileći medaljoni,confirmed,5,2026-05-09 19:00:00,Saturday,May
2026-05-27,19,30,Trpeza Balkana,2,Šopska salata,confirmed,4,2026-05-27 19:30:00,Wednesday,May
2026-05-06,18,0,Stara Srpska Kuća,2,Palačinke,completed,4,2026-05-06 18:00:00,Wednesday,May
2026-05-10,20,30,Sonic Restaurant,1,Tiramisu,completed,5,2026-05-10 20:30:00,Sunday,May
2026-02-22,19,0,Trpeza Balkana,5,Rižoto sa plodovima mora,confirmed,3,2026-02-22 19:00:00,Sunday,February
2026-06-21,20,30,Stara Srpska Kuća,3,Karađorđeva šnicla,confirmed,4,2026-06-21 20:30:00,Sunday,June
2026-06-09,20,30,Stara Srpska Kuća,2,Grilovani list,completed,4,2026-06-09 20:30:00,Tuesday,June
2026-07-17,19,0,Villa Nova,3,Šopska salata,confirmed,5,2026-07-17 19:00:00,Friday,July
2026-06-09,18,0,Stara Srpska Kuća,2,Domaći sok,completed,4,2026-06-09 18:00:00,Tuesday,June
2026-03-09,12,30,Stara Srpska Kuća,2,Pileći medaljoni,confirmed,4,2026-03-09 12:30:00,Monday,March
2026-07-02,18,30,Villa Nova,3,Grilovani list,completed,5,2026-07-02 18:30:00,Thursday,July
2026-07-22,20,0,Trpeza Balkana,2,Rižoto sa plodovima mora,confirmed,5,2026-07-22 20:00:00,Wednesday,July
2026-07-03,12,30,Trpeza Balkana,1,Grilovani list,confirmed,5,2026-07-03 12:30:00,Friday,July
2026-05-03,18,30,Rustika,2,Grilovani list,completed,5,2026-05-03 18:30:00,Sunday,May
2026-05-25,18,30,Stara Srpska Kuća,5,Pršuta i sir,completed,4,2026-05-25 18:30:00,Monday,May
2026-02-07,12,0,Trpeza Balkana,4,Karađorđeva šnicla,confirmed,4,2026-02-07 12:00:00,Saturday,February
2026-01-24,18,30,Zlatna Ribica,2,Grilovani list,confirmed,4,2026-01-24 18:30:00,Saturday,January
2026-03-10,13,30,Rustika,1,Punjene pečurke,completed,3,2026-03-10 13:30:00,Tuesday,March
2026-04-26,12,30,Zlatna Ribica,2,Karađorđeva šnicla,confirmed,4,2026-04-26 12:30:00,Sunday,April
2026-04-08,13,0,Zlatna Ribica,3,Karađorđeva šnicla,confirmed,5,2026-04-08 13:00:00,Wednesday,April
2026-07-17,12,0,Sonic Restaurant,1,Grilovani list,confirmed,5,2026-07-17 12:00:00,Friday,July
2026-05-19,21,30,Sonic Restaurant,2,Palačinke,confirmed,4,2026-05-19 21:30:00,Tuesday,May
2026-05-24,21,0,Trpeza Balkana,2,Šopska salata,confirmed,5,2026-05-24 21:00:00,Sunday,May
2026-04-07,18,30,Zlatna Ribica,3,Karađorđeva šnicla,cancelled,3,2026-04-07 18:30:00,Tuesday,April
2026-07-20,13,0,Zlatna Ribica,2,Pileći medaljoni,completed,3,2026-07-20 13:00:00,Monday,July
2026-05-04,19,0,Sonic Restaurant,6,Grilovani list,completed,4,2026-05-04 19:00:00,Monday,May
2026-07-06,18,30,Zlatna Ribica,1,Pršuta i sir,completed,4,2026-07-06 18:30:00,Monday,July
2026-03-11,20,0,Trpeza Balkana,2,Šopska salata,completed,3,2026-03-11 20:00:00,Wednesday,March
2026-07-27,13,0,Rustika,2,Palačinke,cancelled,5,2026-07-27 13:00:00,Monday,July
2026-04-03,12,0,Trpeza Balkana,1,Pileći medaljoni,completed,4,2026-04-03 12:00:00,Friday,April
2026-01-03,13,30,Villa Nova,2,Kafa,confirmed,3,2026-01-03 13:30:00,Saturday,January
2026-05-28,21,0,Rustika,1,Domaći sok,completed,5,2026-05-28 21:00:00,Thursday,May
2026-07-06,12,0,Zlatna Ribica,4,Palačinke,confirmed,4,2026-07-06 12:00:00,Monday,July
2026-06-13,20,30,Trpeza Balkana,2,Pršuta i sir,completed,5,2026-06-13 20:30:00,Saturday,June
2026-05-27,13,0,Villa Nova,4,Rižoto sa plodovima mora,completed,4,2026-05-27 13:00:00,Wednesday,May
2026-03-31,20,0,Zlatna Ribica,3,Rižoto sa plodovima mora,cancelled,4,2026-03-31 20:00:00,Tuesday,March
2026-07-14,13,0,Rustika,6,Karađorđeva šnicla,completed,3,2026-07-14 13:00:00,Tuesday,July
2026-05-27,19,0,Trpeza Balkana,4,Grilovani list,confirmed,4,2026-05-27 19:00:00,Wednesday,May
2026-05-28,20,0,Zlatna Ribica,2,Šopska salata,confirmed,3,2026-05-28 20:00:00,Thursday,May
2026-04-06,18,30,Stara Srpska Kuća,3,Pršuta i sir,confirmed,5,2026-04-06 18:30:00,Monday,April
2026-07-18,20,30,Sonic Restaurant,3,Palačinke,confirmed,5,2026-07-18 20:30:00,Saturday,July
2026-02-21,12,0,Villa Nova,3,Karađorđeva šnicla,confirmed,4,2026-02-21 12:00:00,Saturday,February
2026-06-10,20,0,Zlatna Ribica,6,Karađorđeva šnicla,confirmed,4,2026-06-10 20:00:00,Wednesday,June
2026-06-17,12,0,Zlatna Ribica,2,Šopska salata,confirmed,4,2026-06-17 12:00:00,Wednesday,June
2026-05-08,20,30,Villa Nova,4,Rižoto sa plodovima mora,cancelled,5,2026-05-08 20:30:00,Friday,May
2026-02-08,20,30,Zlatna Ribica,5,Karađorđeva šnicla,confirmed,5,2026-02-08 20:30:00,Sunday,February
2026-03-23,20,0,Zlatna Ribica,6,Kafa,confirmed,4,2026-03-23 20:00:00,Monday,March
2026-04-14,12,0,Trpeza Balkana,4,Šopska salata,confirmed,4,2026-04-14 12:00:00,Tuesday,April
2026-05-09,12,30,Trpeza Balkana,2,Rižoto sa plodovima mora,confirmed,3,2026-05-09 12:30:00,Saturday,May
2026-01-11,21,0,Stara Srpska Kuća,1,Baklava,confirmed,4,2026-01-11 21:00:00,Sunday,January
2026-07-04,12,30,Sonic Restaurant,2,Punjene pečurke,completed,3,2026-07-04 12:30:00,Saturday,July
2026-06-27,20,30,Sonic Restaurant,4,Šopska salata,confirmed,3,2026-06-27 20:30:00,Saturday,June
2026-05-31,12,0,Sonic Restaurant,2,Baklava,completed,5,2026-05-31 12:00:00,Sunday,May
2026-06-08,20,30,Zlatna Ribica,1,Karađorđeva šnicla,cancelled,4,2026-06-08 20:30:00,Monday,June
2026-02-11,21,0,Sonic Restaurant,4,Pršuta i sir,confirmed,4,2026-02-11 21:00:00,Wednesday,February
2026-04-09,20,0,Stara Srpska Kuća,1,Karađorđeva šnicla,confirmed,3,2026-04-09 20:00:00,Thursday,April
2026-01-07,18,0,Sonic Restaurant,6,Karađorđeva šnicla,completed,4,2026-01-07 18:00:00,Wednesday,January
2026-05-24,21,0,Stara Srpska Kuća,1,Palačinke,completed,4,2026-05-24 21:00:00,Sunday,May
2026-03-31,21,0,Zlatna Ribica,4,Pileći medaljoni,completed,5,2026-03-31 21:00:00,Tuesday,March
2026-04-22,19,0,Rustika,1,Šopska salata,completed,3,2026-04-22 19:00:00,Wednesday,April
2026-03-01,12,30,Trpeza Balkana,4,Baklava,completed,4,2026-03-01 12:30:00,Sunday,March
2026-04-23,20,30,Sonic Restaurant,2,Tiramisu,completed,3,2026-04-23 20:30:00,Thursday,April
2026-01-02,21,30,Stara Srpska Kuća,4,Palačinke,confirmed,4,2026-01-02 21:30:00,Friday,January
2026-05-09,19,30,Stara Srpska Kuća,4,Pileći medaljoni,confirmed,3,2026-05-09 19:30:00,Saturday,May
2026-02-17,20,0,Zlatna Ribica,1,Rižoto sa plodovima mora,completed,4,2026-02-17 20:00:00,Tuesday,February
2026-05-20,12,30,Stara Srpska Kuća,1,Karađorđeva šnicla,cancelled,5,2026-05-20 12:30:00,Wednesday,May
2026-07-16,12,30,Zlatna Ribica,3,Rižoto sa plodovima mora,cancelled,3,2026-07-16 12:30:00,Thursday,July
2026-02-06,21,30,Stara Srpska Kuća,4,Rižoto sa plodovima mora,cancelled,5,2026-02-06 21:30:00,Friday,February
2026-06-09,19,0,Rustika,6,Pileći medaljoni,completed,5,2026-06-09 19:00:00,Tuesday,June
2026-01-09,20,30,Sonic Restaurant,1,Punjene pečurke,completed,5,2026-01-09 20:30:00,Friday,January
2026-04-09,13,0,Stara Srpska Kuća,2,Domaći sok,completed,4,2026-04-09 13:00:00,Thursday,April
2026-05-27,18,30,Rustika,5,Šopska salata,confirmed,4,2026-05-27 18:30:00,Wednesday,May
2026-02-17,21,0,Sonic Restaurant,6,Pršuta i sir,completed,4,2026-02-17 21:00:00,Tuesday,February
2026-07-27,12,0,Stara Srpska Kuća,2,Rižoto sa plodovima mora,confirmed,5,2026-07-27 12:00:00,Monday,July
2026-05-11,19,30,Zlatna Ribica,2,Karađorđeva šnicla,confirmed,5,2026-05-11 19:30:00,Monday,May
2026-05-28,18,0,Zlatna Ribica,2,Grilovani list,completed,3,2026-05-28 18:00:00,Thursday,May
2026-06-01,20,0,Trpeza Balkana,2,Šopska salata,completed,4,2026-06-01 20:00:00,Monday,June
2026-02-23,20,30,Stara Srpska Kuća,1,Karađorđeva šnicla,confirmed,3,2026-02-23 20:30:00,Monday,February
2026-04-30,20,30,Sonic Restaurant,2,Šopska salata,confirmed,5,2026-04-30 20:30:00,Thursday,April
2026-06-10,19,30,Sonic Restaurant,4,Pršuta i sir,cancelled,4,2026-06-10 19:30:00,Wednesday,June
2026-06-01,21,0,Stara Srpska Kuća,1,Karađorđeva šnicla,completed,4,2026-06-01 21:00:00,Monday,June
2026-04-26,12,0,Rustika,2,Grilovani list,confirmed,5,2026-04-26 12:00:00,Sunday,April
2026-03-16,13,0,Trpeza Balkana,1,Pileći medaljoni,confirmed,5,2026-03-16 13:00:00,Monday,March
2026-04-23,20,30,Sonic Restaurant,5,Rižoto sa plodovima mora,confirmed,5,2026-04-23 20:30:00,Thursday,April
2026-07-19,13,0,Zlatna Ribica,3,Šopska salata,confirmed,4,2026-07-19 13:00:00,Sunday,July
2026-06-13,20,0,Stara Srpska Kuća,5,Šopska salata,confirmed,2,2026-06-13 20:00:00,Saturday,June
2026-06-15,12,0,Rustika,2,Pršuta i sir,completed,4,2026-06-15 12:00:00,Monday,June
2026-04-14,18,0,Stara Srpska Kuća,4,Baklava,confirmed,3,2026-04-14 18:00:00,Tuesday,April
2026-03-25,13,0,Stara Srpska Kuća,5,Pršuta i sir,confirmed,3,2026-03-25 13:00:00,Wednesday,March
2026-04-22,18,0,Zlatna Ribica,4,Domaći sok,confirmed,5,2026-04-22 18:00:00,Wednesday,April
2026-04-09,20,0,Zlatna Ribica,4,Karađorđeva šnicla,completed,3,2026-04-09 20:00:00,Thursday,April
2026-06-02,20,30,Zlatna Ribica,2,Šopska salata,confirmed,4,2026-06-02 20:30:00,Tuesday,June
2026-04-03,13,30,Stara Srpska Kuća,5,Rižoto sa plodovima mora,completed,4,2026-04-03 13:30:00,Friday,April
2026-05-26,21,30,Sonic Restaurant,3,Grilovani list,completed,5,2026-05-26 21:30:00,Tuesday,May
2026-05-08,13,0,Sonic Restaurant,4,Karađorđeva šnicla,completed,4,2026-05-08 13:00:00,Friday,May
2026-04-20,13,0,Stara Srpska Kuća,1,Pileći medaljoni,completed,5,2026-04-20 13:00:00,Monday,April
2026-03-23,19,30,Rustika,3,Karađorđeva šnicla,confirmed,4,2026-03-23 19:30:00,Monday,March
2026-07-13,13,0,Stara Srpska Kuća,1,Karađorđeva šnicla,completed,3,2026-07-13 13:00:00,Monday,July
2026-02-23,21,30,Sonic Restaurant,5,Kafa,completed,3,2026-02-23 21:30:00,Monday,February
2026-06-12,13,0,Trpeza Balkana,2,Baklava,confirmed,4,2026-06-12 13:00:00,Friday,June
2026-07-27,21,0,Stara Srpska Kuća,2,Šopska salata,completed,4,2026-07-27 21:00:00,Monday,July
2026-07-08,20,30,Zlatna Ribica,2,Baklava,cancelled,5,2026-07-08 20:30:00,Wednesday,July
2026-06-18,18,30,Rustika,3,Domaći sok,confirmed,5,2026-06-18 18:30:00,Thursday,June
2026-06-10,18,30,Stara Srpska Kuća,1,Pršuta i sir,completed,5,2026-06-10 18:30:00,Wednesday,June
2026-03-09,19,30,Rustika,6,Grilovani list,cancelled,4,2026-03-09 19:30:00,Monday,March
2026-02-02,20,30,Zlatna Ribica,3,Palačinke,completed,5,2026-02-02 20:30:00,Monday,February
2026-05-22,20,0,Sonic Restaurant,4,Šopska salata,completed,5,2026-05-22 20:00:00,Friday,May
2026-01-21,19,0,Sonic Restaurant,2,Rižoto sa plodovima mora,confirmed,4,2026-01-21 19:00:00,Wednesday,January
2026-02-17,21,0,Sonic Restaurant,1,Pileći medaljoni,confirmed,4,2026-02-17 21:00:00,Tuesday,February
2026-05-28,12,30,Trpeza Balkana,2,Rižoto sa plodovima mora,completed,3,2026-05-28 12:30:00,Thursday,May
2026-05-08,20,30,Trpeza Balkana,4,Tiramisu,completed,4,2026-05-08 20:30:00,Friday,May
2026-05-16,20,30,Rustika,4,Rižoto sa plodovima mora,cancelled,5,2026-05-16 20:30:00,Saturday,May
2026-05-15,20,30,Villa Nova,1,Domaći sok,confirmed,4,2026-05-15 20:30:00,Friday,May
2026-07-14,20,30,Trpeza Balkana,1,Palačinke,completed,4,2026-07-14 20:30:00,Tuesday,July
2026-05-25,12,30,Zlatna Ribica,5,Pršuta i sir,confirmed,3,2026-05-25 12:30:00,Monday,May
2026-05-08,12,0,Sonic Restaurant,2,Pršuta i sir,confirmed,5,2026-05-08 12:00:00,Friday,May
2026-02-02,13,0,Zlatna Ribica,3,Rižoto sa plodovima mora,confirmed,4,2026-02-02 13:00:00,Monday,February
2026-06-25,12,0,Stara Srpska Kuća,4,Karađorđeva šnicla,confirmed,4,2026-06-25 12:00:00,Thursday,June
2026-07-23,13,0,Trpeza Balkana,5,Karađorđeva šnicla,confirmed,4,2026-07-23 13:00:00,Thursday,July
2026-07-06,13,0,Sonic Restaurant,4,Šopska salata,confirmed,3,2026-07-06 13:00:00,Monday,July
2026-04-25,20,30,Stara Srpska Kuća,2,Pileći medaljoni,confirmed,5,2026-04-25 20:30:00,Saturday,April
2026-04-29,20,30,Stara Srpska Kuća,2,Karađorđeva šnicla,cancelled,4,2026-04-29 20:30:00,Wednesday,April
2026-01-22,20,30,Sonic Restaurant,1,Grilovani list,completed,4,2026-01-22 20:30:00,Thursday,January
2026-06-07,20,30,Zlatna Ribica,6,Tiramisu,confirmed,3,2026-06-07 20:30:00,Sunday,June
2026-02-07,19,30,Sonic Restaurant,2,Rižoto sa plodovima mora,completed,4,2026-02-07 19:30:00,Saturday,February
2026-04-19,12,30,Zlatna Ribica,2,Palačinke,completed,4,2026-04-19 12:30:00,Sunday,April
2026-02-20,20,0,Sonic Restaurant,6,Grilovani list,completed,3,2026-02-20 20:00:00,Friday,February
2026-07-01,18,30,Trpeza Balkana,2,Pileći medaljoni,confirmed,3,2026-07-01 18:30:00,Wednesday,July
2026-01-08,13,30,Stara Srpska Kuća,5,Karađorđeva šnicla,completed,4,2026-01-08 13:30:00,Thursday,January
2026-01-27,21,30,Stara Srpska Kuća,2,Pileći medaljoni,cancelled,4,2026-01-27 21:30:00,Tuesday,January
2026-01-27,21,30,Zlatna Ribica,2,Pršuta i sir,confirmed,4,2026-01-27 21:30:00,Tuesday,January
2026-01-21,20,0,Sonic Restaurant,2,Grilovani list,cancelled,4,2026-01-21 20:00:00,Wednesday,January
2026-01-30,12,0,Stara Srpska Kuća,1,Pršuta i sir,completed,5,2026-01-30 12:00:00,Friday,January
2026-04-07,19,30,Sonic Restaurant,2,Pršuta i sir,cancelled,4,2026-04-07 19:30:00,Tuesday,April
2026-01-28,18,0,Stara Srpska Kuća,5,Punjene pečurke,confirmed,5,2026-01-28 18:00:00,Wednesday,January
2026-04-21,21,0,Zlatna Ribica,6,Šopska salata,confirmed,3,2026-04-21 21:00:00,Tuesday,April
2026-07-11,12,30,Sonic Restaurant,2,Grilovani list,confirmed,4,2026-07-11 12:30:00,Saturday,July
2026-07-16,21,30,Zlatna Ribica,4,Pršuta i sir,cancelled,5,2026-07-16 21:30:00,Thursday,July
2026-03-02,20,30,Rustika,3,Vino kuće,confirmed,4,2026-03-02 20:30:00,Monday,March
2026-02-17,12,30,Sonic Restaurant,2,Palačinke,completed,3,2026-02-17 12:30:00,Tuesday,February
2026-05-27,20,30,Villa Nova,6,Tiramisu,confirmed,5,2026-05-27 20:30:00,Wednesday,May
2026-01-04,12,0,Zlatna Ribica,4,Rižoto sa plodovima mora,confirmed,4,2026-01-04 12:00:00,Sunday,January
2026-02-04,19,30,Zlatna Ribica,1,Šopska salata,confirmed,5,2026-02-04 19:30:00,Wednesday,February
2026-07-11,20,30,Trpeza Balkana,3,Pršuta i sir,confirmed,2,2026-07-11 20:30:00,Saturday,July
2026-02-18,20,30,Trpeza Balkana,4,Karađorđeva šnicla,cancelled,5,2026-02-18 20:30:00,Wednesday,February
2026-01-17,20,0,Zlatna Ribica,2,Baklava,confirmed,5,2026-01-17 20:00:00,Saturday,January
2026-06-21,21,30,Sonic Restaurant,5,Punjene pečurke,completed,5,2026-06-21 21:30:00,Sunday,June
2026-06-07,21,30,Stara Srpska Kuća,3,Karađorđeva šnicla,completed,5,2026-06-07 21:30:00,Sunday,June
2026-02-15,20,30,Stara Srpska Kuća,6,Karađorđeva šnicla,completed,4,2026-02-15 20:30:00,Sunday,February
2026-04-27,20,0,Sonic Restaurant,6,Baklava,completed,4,2026-04-27 20:00:00,Monday,April
2026-01-06,12,30,Sonic Restaurant,6,Karađorđeva šnicla,confirmed,5,2026-01-06 12:30:00,Tuesday,January
2026-04-09,19,30,Sonic Restaurant,1,Karađorđeva šnicla,confirmed,4,2026-04-09 19:30:00,Thursday,April
2026-05-04,13,30,Stara Srpska Kuća,2,Rižoto sa plodovima mora,completed,4,2026-05-04 13:30:00,Monday,May
2026-02-06,13,0,Trpeza Balkana,2,Karađorđeva šnicla,confirmed,3,2026-02-06 13:00:00,Friday,February
2026-01-24,18,30,Rustika,2,Palačinke,confirmed,4,2026-01-24 18:30:00,Saturday,January
2026-04-03,21,30,Villa Nova,6,Pileći medaljoni,confirmed,5,2026-04-03 21:30:00,Friday,April
2026-02-15,13,30,Sonic Restaurant,4,Pršuta i sir,completed,3,2026-02-15 13:30:00,Sunday,February
2026-06-30,12,0,Trpeza Balkana,1,Tiramisu,confirmed,5,2026-06-30 12:00:00,Tuesday,June
2026-04-05,20,30,Rustika,6,Pileći medaljoni,confirmed,3,2026-04-05 20:30:00,Sunday,April
2026-04-09,18,30,Sonic Restaurant,4,Rižoto sa plodovima mora,confirmed,4,2026-04-09 18:30:00,Thursday,April
2026-07-07,13,30,Sonic Restaurant,2,Baklava,cancelled,4,2026-07-07 13:30:00,Tuesday,July
2026-04-26,20,0,Villa Nova,2,Rižoto sa plodovima mora,confirmed,5,2026-04-26 20:00:00,Sunday,April
2026-07-10,19,0,Zlatna Ribica,2,Grilovani list,completed,4,2026-07-10 19:00:00,Friday,July
2026-06-09,19,30,Sonic Restaurant,4,Šopska salata,completed,3,2026-06-09 19:30:00,Tuesday,June
2026-06-10,12,0,Stara Srpska Kuća,2,Baklava,completed,4,2026-06-10 12:00:00,Wednesday,June
2026-03-08,21,0,Stara Srpska Kuća,2,Baklava,confirmed,5,2026-03-08 21:00:00,Sunday,March
2026-05-08,20,0,Rustika,5,Domaći sok,completed,4,2026-05-08 20:00:00,Friday,May
2026-01-18,12,30,Zlatna Ribica,2,Šopska salata,confirmed,3,2026-01-18 12:30:00,Sunday,January
2026-01-25,18,30,Sonic Restaurant,5,Šopska salata,confirmed,4,2026-01-25 18:30:00,Sunday,January
2026-02-23,18,0,Stara Srpska Kuća,1,Baklava,completed,4,2026-02-23 18:00:00,Monday,February
2026-02-27,20,0,Zlatna Ribica,3,Karađorđeva šnicla,completed,4,2026-02-27 20:00:00,Friday,February
2026-03-08,20,0,Zlatna Ribica,6,Rižoto sa plodovima mora,completed,4,2026-03-08 20:00:00,Sunday,March
2026-04-14,19,30,Stara Srpska Kuća,1,Šopska salata,cancelled,5,2026-04-14 19:30:00,Tuesday,April
2026-06-23,19,30,Rustika,2,Pršuta i sir,confirmed,5,2026-06-23 19:30:00,Tuesday,June
2026-01-24,21,0,Stara Srpska Kuća,4,Karađorđeva šnicla,cancelled,4,2026-01-24 21:00:00,Saturday,January
2026-04-24,21,0,Sonic Restaurant,5,Grilovani list,confirmed,4,2026-04-24 21:00:00,Friday,April
2026-02-01,19,0,Trpeza Balkana,2,Rižoto sa plodovima mora,completed,4,2026-02-01 19:00:00,Sunday,February
2026-06-24,19,0,Stara Srpska Kuća,3,Pršuta i sir,completed,5,2026-06-24 19:00:00,Wednesday,June
2026-03-27,21,30,Rustika,4,Baklava,confirmed,5,2026-03-27 21:30:00,Friday,March
2026-05-31,20,0,Trpeza Balkana,1,Tiramisu,confirmed,4,2026-05-31 20:00:00,Sunday,May
2026-07-13,19,30,Trpeza Balkana,4,Šopska salata,completed,3,2026-07-13 19:30:00,Monday,July
2026-05-07,21,0,Stara Srpska Kuća,5,Baklava,confirmed,4,2026-05-07 21:00:00,Thursday,May
2026-06-04,12,0,Stara Srpska Kuća,5,Pileći medaljoni,confirmed,3,2026-06-04 12:00:00,Thursday,June
2026-05-10,12,0,Sonic Restaurant,6,Rižoto sa plodovima mora,confirmed,3,2026-05-10 12:00:00,Sunday,May
2026-01-17,18,0,Zlatna Ribica,4,Rižoto sa plodovima mora,completed,5,2026-01-17 18:00:00,Saturday,January
2026-04-14,13,0,Trpeza Balkana,4,Pršuta i sir,confirmed,5,2026-04-14 13:00:00,Tuesday,April
2026-06-10,21,30,Rustika,2,Karađorđeva šnicla,confirmed,2,2026-06-10 21:30:00,Wednesday,June
2026-05-17,12,0,Trpeza Balkana,2,Pršuta i sir,confirmed,4,2026-05-17 12:00:00,Sunday,May
2026-02-12,13,0,Villa Nova,2,Punjene pečurke,confirmed,4,2026-02-12 13:00:00,Thursday,February
2026-06-25,19,0,Trpeza Balkana,2,Rižoto sa plodovima mora,cancelled,4,2026-06-25 19:00:00,Thursday,June
2026-02-08,20,30,Sonic Restaurant,5,Tiramisu,cancelled,2,2026-02-08 20:30:00,Sunday,February
2026-06-19,21,30,Stara Srpska Kuća,1,Pršuta i sir,confirmed,4,2026-06-19 21:30:00,Friday,June
2026-01-26,19,30,Trpeza Balkana,2,Karađorđeva šnicla,completed,4,2026-01-26 19:30:00,Monday,January
2026-04-09,21,30,Stara Srpska Kuća,2,Pileći medaljoni,completed,3,2026-04-09 21:30:00,Thursday,April
2026-02-19,18,0,Stara Srpska Kuća,1,Punjene pečurke,completed,5,2026-02-19 18:00:00,Thursday,February
2026-06-02,12,0,Zlatna Ribica,2,Rižoto sa plodovima mora,completed,5,2026-06-02 12:00:00,Tuesday,June
2026-06-01,20,0,Rustika,3,Karađorđeva šnicla,confirmed,3,2026-06-01 20:00:00,Monday,June
2026-01-13,13,30,Stara Srpska Kuća,4,Pršuta i sir,completed,5,2026-01-13 13:30:00,Tuesday,January
2026-03-01,19,0,Trpeza Balkana,6,Tiramisu,confirmed,4,2026-03-01 19:00:00,Sunday,March
2026-05-15,13,0,Rustika,6,Pileći medaljoni,confirmed,5,2026-05-15 13:00:00,Friday,May
2026-02-26,19,30,Sonic Restaurant,6,Palačinke,completed,3,2026-02-26 19:30:00,Thursday,February
2026-02-05,19,30,Stara Srpska Kuća,1,Baklava,completed,4,2026-02-05 19:30:00,Thursday,February
2026-06-22,21,30,Stara Srpska Kuća,6,Karađorđeva šnicla,confirmed,3,2026-06-22 21:30:00,Monday,June
2026-01-20,20,0,Trpeza Balkana,5,Punjene pečurke,completed,4,2026-01-20 20:00:00,Tuesday,January
2026-03-06,18,0,Trpeza Balkana,2,Rižoto sa plodovima mora,completed,3,2026-03-06 18:00:00,Friday,March
2026-01-08,20,30,Rustika,1,Grilovani list,cancelled,3,2026-01-08 20:30:00,Thursday,January
2026-05-24,20,0,Zlatna Ribica,1,Punjene pečurke,completed,3,2026-05-24 20:00:00,Sunday,May
2026-05-22,20,30,Stara Srpska Kuća,4,Šopska salata,confirmed,3,2026-05-22 20:30:00,Friday,May
2026-07-23,20,30,Stara Srpska Kuća,6,Karađorđeva šnicla,completed,4,2026-07-23 20:30:00,Thursday,July
2026-04-25,12,0,Trpeza Balkana,4,Palačinke,confirmed,3,2026-04-25 12:00:00,Saturday,April
2026-05-23,21,30,Stara Srpska Kuća,3,Šopska salata,confirmed,4,2026-05-23 21:30:00,Saturday,May
2026-04-02,18,30,Sonic Restaurant,2,Tiramisu,confirmed,5,2026-04-02 18:30:00,Thursday,April
2026-04-08,13,30,Sonic Restaurant,1,Grilovani list,completed,3,2026-04-08 13:30:00,Wednesday,April
2026-03-07,12,0,Stara Srpska Kuća,2,Tiramisu,completed,4,2026-03-07 12:00:00,Saturday,March
2026-02-01,13,30,Stara Srpska Kuća,1,Rižoto sa plodovima mora,cancelled,4,2026-02-01 13:30:00,Sunday,February
2026-07-10,20,30,Sonic Restaurant,2,Karađorđeva šnicla,completed,4,2026-07-10 20:30:00,Friday,July
2026-03-27,13,30,Stara Srpska Kuća,4,Šopska salata,confirmed,2,2026-03-27 13:30:00,Friday,March
2026-02-20,20,30,Stara Srpska Kuća,5,Punjene pečurke,confirmed,3,2026-02-20 20:30:00,Friday,February
2026-06-02,12,30,Trpeza Balkana,2,Pršuta i sir,confirmed,5,2026-06-02 12:30:00,Tuesday,June
2026-07-05,21,30,Rustika,6,Pileći medaljoni,completed,4,2026-07-05 21:30:00,Sunday,July
2026-03-04,20,30,Stara Srpska Kuća,3,Karađorđeva šnicla,completed,4,2026-03-04 20:30:00,Wednesday,March
2026-07-09,20,0,Trpeza Balkana,4,Pršuta i sir,cancelled,3,2026-07-09 20:00:00,Thursday,July
2026-05-05,18,0,Sonic Restaurant,5,Rižoto sa plodovima mora,completed,5,2026-05-05 18:00:00,Tuesday,May
2026-05-30,19,30,Zlatna Ribica,2,Pršuta i sir,completed,3,2026-05-30 19:30:00,Saturday,May
2026-02-27,21,0,Rustika,2,Rižoto sa plodovima mora,completed,3,2026-02-27 21:00:00,Friday,February
2026-02-27,21,0,Trpeza Balkana,2,Domaći sok,completed,3,2026-02-27 21:00:00,Friday,February
2026-03-27,12,30,Rustika,3,Pršuta i sir,completed,5,2026-03-27 12:30:00,Friday,March
2026-02-18,20,0,Stara Srpska Kuća,1,Šopska salata,completed,4,2026-02-18 20:00:00,Wednesday,February
2026-06-29,20,30,Stara Srpska Kuća,2,Tiramisu,completed,5,2026-06-29 20:30:00,Monday,June
2026-06-19,13,30,Rustika,6,Pršuta i sir,completed,5,2026-06-19 13:30:00,Friday,June
2026-03-11,13,30,Sonic Restaurant,4,Karađorđeva šnicla,confirmed,4,2026-03-11 13:30:00,Wednesday,March
2026-01-15,19,30,Sonic Restaurant,4,Karađorđeva šnicla,confirmed,4,2026-01-15 19:30:00,Thursday,January
2026-02-23,20,30,Trpeza Balkana,6,Punjene pečurke,confirmed,4,2026-02-23 20:30:00,Monday,February
2026-07-07,20,0,Rustika,4,Grilovani list,completed,3,2026-07-07 20:00:00,Tuesday,July
2026-04-11,20,30,Rustika,3,Pršuta i sir,completed,3,2026-04-11 20:30:00,Saturday,April
2026-01-08,19,0,Sonic Restaurant,6,Karađorđeva šnicla,confirmed,4,2026-01-08 19:00:00,Thursday,January
2026-02-22,21,30,Rustika,4,Grilovani list,confirmed,4,2026-02-22 21:30:00,Sunday,February
2026-03-01,12,30,Stara Srpska Kuća,4,Pileći medaljoni,confirmed,4,2026-03-01 12:30:00,Sunday,March
2026-04-18,20,30,Stara Srpska Kuća,2,Domaći sok,completed,4,2026-04-18 20:30:00,Saturday,April
2026-01-05,12,0,Zlatna Ribica,1,Pršuta i sir,confirmed,4,2026-01-05 12:00:00,Monday,January
2026-04-13,18,30,Stara Srpska Kuća,3,Tiramisu,confirmed,5,2026-04-13 18:30:00,Monday,April
2026-07-15,20,30,Sonic Restaurant,6,Tiramisu,confirmed,4,2026-07-15 20:30:00,Wednesday,July
2026-01-06,13,30,Trpeza Balkana,5,Karađorđeva šnicla,confirmed,4,2026-01-06 13:30:00,Tuesday,January
2026-04-19,21,30,Sonic Restaurant,5,Grilovani list,completed,5,2026-04-19 21:30:00,Sunday,April
2026-04-26,13,0,Stara Srpska Kuća,3,Šopska salata,confirmed,4,2026-04-26 13:00:00,Sunday,April
2026-04-04,19,30,Sonic Restaurant,6,Palačinke,completed,4,2026-04-04 19:30:00,Saturday,April
2026-02-16,19,0,Sonic Restaurant,2,Pileći medaljoni,completed,5,2026-02-16 19:00:00,Monday,February
2026-04-09,20,30,Sonic Restaurant,2,Kafa,cancelled,5,2026-04-09 20:30:00,Thursday,April
2026-02-24,13,0,Trpeza Balkana,1,Karađorđeva šnicla,confirmed,3,2026-02-24 13:00:00,Tuesday,February
2026-06-17,18,0,Trpeza Balkana,6,Grilovani list,confirmed,5,2026-06-17 18:00:00,Wednesday,June
2026-02-21,20,30,Sonic Restaurant,4,Pršuta i sir,confirmed,5,2026-02-21 20:30:00,Saturday,February
2026-05-24,13,30,Rustika,2,Pileći medaljoni,confirmed,5,2026-05-24 13:30:00,Sunday,May
2026-01-13,13,0,Stara Srpska Kuća,5,Karađorđeva šnicla,completed,4,2026-01-13 13:00:00,Tuesday,January
2026-04-24,13,30,Stara Srpska Kuća,6,Rižoto sa plodovima mora,confirmed,4,2026-04-24 13:30:00,Friday,April
2026-05-04,20,30,Rustika,6,Karađorđeva šnicla,confirmed,4,2026-05-04 20:30:00,Monday,May
2026-04-16,20,30,Sonic Restaurant,2,Pršuta i sir,cancelled,4,2026-04-16 20:30:00,Thursday,April
2026-06-07,19,0,Villa Nova,2,Palačinke,completed,5,2026-06-07 19:00:00,Sunday,June
2026-05-27,13,30,Sonic Restaurant,4,Palačinke,confirmed,3,2026-05-27 13:30:00,Wednesday,May
2026-05-25,20,30,Trpeza Balkana,2,Punjene pečurke,confirmed,5,2026-05-25 20:30:00,Monday,May
2026-04-30,18,30,Sonic Restaurant,1,Pileći medaljoni,confirmed,4,2026-04-30 18:30:00,Thursday,April
2026-03-04,19,0,Sonic Restaurant,5,Pileći medaljoni,cancelled,5,2026-03-04 19:00:00,Wednesday,March
2026-01-19,18,30,Sonic Restaurant,2,Karađorđeva šnicla,cancelled,5,2026-01-19 18:30:00,Monday,January
2026-04-02,19,0,Trpeza Balkana,2,Rižoto sa plodovima mora,cancelled,4,2026-04-02 19:00:00,Thursday,April
2026-02-27,20,30,Zlatna Ribica,3,Karađorđeva šnicla,cancelled,5,2026-02-27 20:30:00,Friday,February
2026-07-02,19,0,Villa Nova,2,Baklava,completed,4,2026-07-02 19:00:00,Thursday,July
2026-03-31,18,30,Stara Srpska Kuća,4,Palačinke,confirmed,3,2026-03-31 18:30:00,Tuesday,March
2026-04-27,20,30,Stara Srpska Kuća,4,Pileći medaljoni,confirmed,5,2026-04-27 20:30:00,Monday,April
2026-03-03,19,0,Sonic Restaurant,2,Šopska salata,completed,5,2026-03-03 19:00:00,Tuesday,March
2026-01-23,13,0,Zlatna Ribica,4,Karađorđeva šnicla,completed,4,2026-01-23 13:00:00,Friday,January
2026-05-07,21,0,Rustika,4,Pršuta i sir,confirmed,5,2026-05-07 21:00:00,Thursday,May
2026-05-17,20,30,Sonic Restaurant,6,Punjene pečurke,confirmed,3,2026-05-17 20:30:00,Sunday,May
2026-05-20,13,30,Zlatna Ribica,6,Pileći medaljoni,cancelled,5,2026-05-20 13:30:00,Wednesday,May
2026-05-09,12,30,Sonic Restaurant,2,Grilovani list,confirmed,4,2026-05-09 12:30:00,Saturday,May
2026-02-27,19,30,Zlatna Ribica,4,Palačinke,completed,5,2026-02-27 19:30:00,Friday,February
2026-05-02,19,0,Rustika,3,Šopska salata,confirmed,5,2026-05-02 19:00:00,Saturday,May
2026-01-01,13,30,Stara Srpska Kuća,4,Palačinke,completed,5,2026-01-01 13:30:00,Thursday,January
2026-02-03,13,30,Sonic Restaurant,1,Baklava,confirmed,3,2026-02-03 13:30:00,Tuesday,February
2026-04-06,20,30,Villa Nova,4,Kafa,completed,3,2026-04-06 20:30:00,Monday,April
2026-05-06,18,30,Rustika,4,Karađorđeva šnicla,completed,4,2026-05-06 18:30:00,Wednesday,May
2026-04-28,20,30,Zlatna Ribica,2,Karađorđeva šnicla,confirmed,4,2026-04-28 20:30:00,Tuesday,April
2026-02-17,19,30,Zlatna Ribica,1,Rižoto sa plodovima mora,cancelled,3,2026-02-17 19:30:00,Tuesday,February
2026-03-30,13,30,Sonic Restaurant,6,Karađorđeva šnicla,completed,3,2026-03-30 13:30:00,Monday,March
2026-04-27,13,0,Zlatna Ribica,2,Pileći medaljoni,completed,4,2026-04-27 13:00:00,Monday,April
2026-05-09,20,30,Rustika,2,Pršuta i sir,confirmed,5,2026-05-09 20:30:00,Saturday,May
2026-01-16,20,30,Trpeza Balkana,5,Pršuta i sir,completed,4,2026-01-16 20:30:00,Friday,January
2026-07-08,12,30,Sonic Restaurant,2,Grilovani list,confirmed,3,2026-07-08 12:30:00,Wednesday,July
2026-07-11,12,30,Stara Srpska Kuća,3,Palačinke,confirmed,4,2026-07-11 12:30:00,Saturday,July
2026-07-10,13,0,Stara Srpska Kuća,4,Karađorđeva šnicla,confirmed,4,2026-07-10 13:00:00,Friday,July
2026-03-10,21,0,Stara Srpska Kuća,5,Rižoto sa plodovima mora,confirmed,3,2026-03-10 21:00:00,Tuesday,March
2026-01-22,21,0,Stara Srpska Kuća,1,Šopska salata,cancelled,5,2026-01-22 21:00:00,Thursday,January
2026-04-03,13,0,Sonic Restaurant,1,Šopska salata,confirmed,5,2026-04-03 13:00:00,Friday,April
2026-07-14,12,0,Stara Srpska Kuća,2,Rižoto sa plodovima mora,confirmed,4,2026-07-14 12:00:00,Tuesday,July
2026-03-17,13,0,Stara Srpska Kuća,3,Karađorđeva šnicla,cancelled,3,2026-03-17 13:00:00,Tuesday,March
2026-06-03,19,30,Zlatna Ribica,6,Pršuta i sir,completed,4,2026-06-03 19:30:00,Wednesday,June
2026-05-24,20,0,Stara Srpska Kuća,4,Karađorđeva šnicla,completed,4,2026-05-24 20:00:00,Sunday,May
2026-06-28,21,0,Stara Srpska Kuća,4,Karađorđeva šnicla,confirmed,2,2026-06-28 21:00:00,Sunday,June
2026-03-27,20,30,Sonic Restaurant,5,Punjene pečurke,completed,5,2026-03-27 20:30:00,Friday,March
2026-07-04,19,0,Stara Srpska Kuća,3,Grilovani list,confirmed,4,2026-07-04 19:00:00,Saturday,July
2026-01-29,18,30,Zlatna Ribica,3,Rižoto sa plodovima mora,cancelled,4,2026-01-29 18:30:00,Thursday,January
2026-07-25,13,30,Stara Srpska Kuća,1,Pileći medaljoni,completed,4,2026-07-25 13:30:00,Saturday,July
2026-03-10,13,0,Trpeza Balkana,6,Domaći sok,completed,4,2026-03-10 13:00:00,Tuesday,March
2026-02-16,13,30,Rustika,4,Domaći sok,confirmed,4,2026-02-16 13:30:00,Monday,February
2026-04-04,19,0,Trpeza Balkana,6,Rižoto sa plodovima mora,confirmed,4,2026-04-04 19:00:00,Saturday,April
2026-07-09,12,0,Zlatna Ribica,2,Grilovani list,confirmed,4,2026-07-09 12:00:00,Thursday,July
2026-07-16,19,30,Rustika,3,Grilovani list,confirmed,3,2026-07-16 19:30:00,Thursday,July
2026-07-23,12,30,Trpeza Balkana,2,Grilovani list,confirmed,5,2026-07-23 12:30:00,Thursday,July
2026-05-24,12,0,Stara Srpska Kuća,3,Pileći medaljoni,completed,5,2026-05-24 12:00:00,Sunday,May
2026-06-25,13,30,Sonic Restaurant,5,Pršuta i sir,confirmed,4,2026-06-25 13:30:00,Thursday,June
2026-03-26,12,30,Rustika,2,Pileći medaljoni,completed,4,2026-03-26 12:30:00,Thursday,March
2026-02-08,21,0,Sonic Restaurant,5,Rižoto sa plodovima mora,confirmed,3,2026-02-08 21:00:00,Sunday,February
2026-04-10,21,0,Stara Srpska Kuća,2,Karađorđeva šnicla,confirmed,5,2026-04-10 21:00:00,Friday,April
2026-02-02,21,30,Trpeza Balkana,1,Pileći medaljoni,completed,4,2026-02-02 21:30:00,Monday,February
2026-04-11,21,0,Rustika,3,Rižoto sa plodovima mora,completed,4,2026-04-11 21:00:00,Saturday,April
2026-01-23,20,0,Stara Srpska Kuća,1,Pileći medaljoni,confirmed,4,2026-01-23 20:00:00,Friday,January
2026-01-10,21,0,Zlatna Ribica,4,Punjene pečurke,confirmed,5,2026-01-10 21:00:00,Saturday,January
2026-03-10,19,0,Stara Srpska Kuća,5,Pršuta i sir,completed,3,2026-03-10 19:00:00,Tuesday,March
2026-04-10,12,0,Trpeza Balkana,2,Pileći medaljoni,confirmed,3,2026-04-10 12:00:00,Friday,April
2026-02-03,12,0,Stara Srpska Kuća,2,Pileći medaljoni,confirmed,5,2026-02-03 12:00:00,Tuesday,February
2026-06-29,19,0,Sonic Restaurant,4,Grilovani list,completed,4,2026-06-29 19:00:00,Monday,June
2026-05-18,13,30,Rustika,2,Karađorđeva šnicla,confirmed,4,2026-05-18 13:30:00,Monday,May
2026-05-27,13,0,Sonic Restaurant,2,Pršuta i sir,confirmed,5,2026-05-27 13:00:00,Wednesday,May
2026-07-05,21,30,Trpeza Balkana,5,Grilovani list,cancelled,5,2026-07-05 21:30:00,Sunday,July
2026-04-06,19,30,Sonic Restaurant,2,Punjene pečurke,completed,5,2026-04-06 19:30:00,Monday,April
2026-01-01,21,30,Sonic Restaurant,4,Šopska salata,confirmed,5,2026-01-01 21:30:00,Thursday,January
2026-03-10,21,0,Zlatna Ribica,2,Palačinke,completed,5,2026-03-10 21:00:00,Tuesday,March
2026-01-04,19,0,Stara Srpska Kuća,1,Tiramisu,confirmed,4,2026-01-04 19:00:00,Sunday,January
2026-01-16,20,30,Sonic Restaurant,4,Karađorđeva šnicla,completed,4,2026-01-16 20:30:00,Friday,January
2026-01-24,20,0,Stara Srpska Kuća,5,Kafa,completed,4,2026-01-24 20:00:00,Saturday,January
2026-03-21,18,30,Trpeza Balkana,1,Punjene pečurke,confirmed,4,2026-03-21 18:30:00,Saturday,March
2026-01-02,20,0,Villa Nova,6,Pršuta i sir,confirmed,3,2026-01-02 20:00:00,Friday,January
2026-05-08,13,0,Villa Nova,2,Karađorđeva šnicla,confirmed,4,2026-05-08 13:00:00,Friday,May
2026-06-09,20,30,Sonic Restaurant,2,Palačinke,completed,4,2026-06-09 20:30:00,Tuesday,June
2026-03-25,12,30,Stara Srpska Kuća,2,Karađorđeva šnicla,completed,4,2026-03-25 12:30:00,Wednesday,March
2026-06-01,13,30,Sonic Restaurant,1,Baklava,confirmed,4,2026-06-01 13:30:00,Monday,June
2026-05-20,21,0,Rustika,6,Karađorđeva šnicla,confirmed,4,2026-05-20 21:00:00,Wednesday,May
2026-06-27,12,30,Stara Srpska Kuća,2,Pršuta i sir,confirmed,4,2026-06-27 12:30:00,Saturday,June
2026-06-12,19,0,Villa Nova,2,Rižoto sa plodovima mora,confirmed,5,2026-06-12 19:00:00,Friday,June
2026-05-04,19,0,Sonic Restaurant,1,Karađorđeva šnicla,confirmed,4,2026-05-04 19:00:00,Monday,May
2026-02-02,12,0,Villa Nova,2,Karađorđeva šnicla,completed,5,2026-02-02 12:00:00,Monday,February
2026-06-10,21,30,Rustika,1,Rižoto sa plodovima mora,completed,5,2026-06-10 21:30:00,Wednesday,June
2026-07-08,13,30,Rustika,3,Karađorđeva šnicla,cancelled,3,2026-07-08 13:30:00,Wednesday,July
2026-06-28,18,30,Sonic Restaurant,3,Pileći medaljoni,cancelled,4,2026-06-28 18:30:00,Sunday,June
2026-06-20,13,0,Stara Srpska Kuća,4,Pršuta i sir,completed,4,2026-06-20 13:00:00,Saturday,June
2026-04-11,20,0,Sonic Restaurant,5,Baklava,completed,4,2026-04-11 20:00:00,Saturday,April
2026-01-12,13,30,Sonic Restaurant,2,Punjene pečurke,cancelled,5,2026-01-12 13:30:00,Monday,January
2026-03-08,20,0,Stara Srpska Kuća,4,Karađorđeva šnicla,confirmed,4,2026-03-08 20:00:00,Sunday,March
2026-03-06,13,0,Zlatna Ribica,2,Grilovani list,confirmed,4,2026-03-06 13:00:00,Friday,March
2026-06-10,18,30,Sonic Restaurant,2,Grilovani list,confirmed,3,2026-06-10 18:30:00,Wednesday,June
2026-06-17,18,30,Zlatna Ribica,4,Palačinke,completed,3,2026-06-17 18:30:00,Wednesday,June
2026-03-15,13,30,Zlatna Ribica,2,Palačinke,completed,4,2026-03-15 13:30:00,Sunday,March
2026-02-12,12,0,Stara Srpska Kuća,2,Rižoto sa plodovima mora,confirmed,5,2026-02-12 12:00:00,Thursday,February
2026-02-13,18,0,Villa Nova,6,Karađorđeva šnicla,confirmed,4,2026-02-13 18:00:00,Friday,February
2026-01-29,20,0,Stara Srpska Kuća,3,Palačinke,completed,4,2026-01-29 20:00:00,Thursday,January
2026-05-21,18,0,Sonic Restaurant,4,Palačinke,confirmed,5,2026-05-21 18:00:00,Thursday,May
2026-01-12,13,0,Sonic Restaurant,4,Baklava,confirmed,3,2026-01-12 13:00:00,Monday,January
2026-04-05,19,30,Rustika,3,Baklava,confirmed,4,2026-04-05 19:30:00,Sunday,April
2026-02-15,20,0,Stara Srpska Kuća,4,Pileći medaljoni,confirmed,5,2026-02-15 20:00:00,Sunday,February
2026-05-10,13,0,Sonic Restaurant,4,Karađorđeva šnicla,completed,3,2026-05-10 13:00:00,Sunday,May
2026-02-04,19,0,Zlatna Ribica,2,Pileći medaljoni,cancelled,5,2026-02-04 19:00:00,Wednesday,February
2026-03-22,19,30,Stara Srpska Kuća,2,Pileći medaljoni,completed,5,2026-03-22 19:30:00,Sunday,March
2026-03-31,12,30,Zlatna Ribica,2,Pileći medaljoni,completed,5,2026-03-31 12:30:00,Tuesday,March
2026-01-08,13,30,Villa Nova,2,Pileći medaljoni,completed,3,2026-01-08 13:30:00,Thursday,January
2026-04-03,12,0,Villa Nova,1,Grilovani list,completed,4,2026-04-03 12:00:00,Friday,April
2026-06-03,20,30,Stara Srpska Kuća,5,Rižoto sa plodovima mora,completed,5,2026-06-03 20:30:00,Wednesday,June
2026-07-21,20,30,Stara Srpska Kuća,4,Rižoto sa plodovima mora,completed,3,2026-07-21 20:30:00,Tuesday,July
2026-03-31,13,30,Sonic Restaurant,2,Karađorđeva šnicla,completed,5,2026-03-31 13:30:00,Tuesday,March
2026-06-11,19,0,Sonic Restaurant,5,Pileći medaljoni,confirmed,4,2026-06-11 19:00:00,Thursday,June
2026-04-25,20,30,Stara Srpska Kuća,4,Baklava,completed,5,2026-04-25 20:30:00,Saturday,April
2026-04-15,19,0,Stara Srpska Kuća,4,Baklava,confirmed,4,2026-04-15 19:00:00,Wednesday,April
2026-05-15,21,0,Villa Nova,1,Rižoto sa plodovima mora,confirmed,5,2026-05-15 21:00:00,Friday,May
2026-07-15,21,30,Rustika,4,Pileći medaljoni,confirmed,3,2026-07-15 21:30:00,Wednesday,July
2026-02-27,21,0,Stara Srpska Kuća,2,Karađorđeva šnicla,confirmed,4,2026-02-27 21:00:00,Friday,February
2026-04-24,20,30,Sonic Restaurant,5,Punjene pečurke,cancelled,3,2026-04-24 20:30:00,Friday,April
2026-03-16,13,0,Sonic Restaurant,4,Rižoto sa plodovima mora,confirmed,5,2026-03-16 13:00:00,Monday,March
2026-06-06,20,30,Stara Srpska Kuća,2,Rižoto sa plodovima mora,confirmed,4,2026-06-06 20:30:00,Saturday,June
2026-04-30,20,30,Zlatna Ribica,5,Palačinke,confirmed,4,2026-04-30 20:30:00,Thursday,April
2026-06-13,13,30,Zlatna Ribica,6,Pileći medaljoni,completed,4,2026-06-13 13:30:00,Saturday,June
2026-01-21,18,0,Rustika,2,Karađorđeva šnicla,completed,4,2026-01-21 18:00:00,Wednesday,January
2026-06-13,20,30,Trpeza Balkana,4,Grilovani list,completed,4,2026-06-13 20:30:00,Saturday,June
2026-05-18,21,0,Zlatna Ribica,3,Pileći medaljoni,cancelled,4,2026-05-18 21:00:00,Monday,May
2026-04-11,20,30,Zlatna Ribica,3,Rižoto sa plodovima mora,confirmed,5,2026-04-11 20:30:00,Saturday,April
2026-07-20,19,0,Stara Srpska Kuća,2,Palačinke,confirmed,5,2026-07-20 19:00:00,Monday,July
2026-06-01,21,0,Zlatna Ribica,5,Pileći medaljoni,confirmed,4,2026-06-01 21:00:00,Monday,June
2026-07-11,19,30,Sonic Restaurant,5,Punjene pečurke,completed,5,2026-07-11 19:30:00,Saturday,July
2026-06-26,13,30,Stara Srpska Kuća,3,Pileći medaljoni,completed,5,2026-06-26 13:30:00,Friday,June
2026-04-09,19,30,Stara Srpska Kuća,5,Rižoto sa plodovima mora,confirmed,4,2026-04-09 19:30:00,Thursday,April
2026-02-05,21,30,Sonic Restaurant,5,Rižoto sa plodovima mora,confirmed,5,2026-02-05 21:30:00,Thursday,February
2026-07-29,20,30,Villa Nova,2,Rižoto sa plodovima mora,confirmed,3,2026-07-29 20:30:00,Wednesday,July
2026-04-06,20,0,Stara Srpska Kuća,2,Pileći medaljoni,completed,4,2026-04-06 20:00:00,Monday,April
2026-06-01,19,30,Sonic Restaurant,6,Grilovani list,confirmed,3,2026-06-01 19:30:00,Monday,June
2026-05-31,20,30,Sonic Restaurant,2,Palačinke,confirmed,4,2026-05-31 20:30:00,Sunday,May
2026-07-09,20,0,Trpeza Balkana,6,Rižoto sa plodovima mora,confirmed,4,2026-07-09 20:00:00,Thursday,July
2026-02-06,19,30,Stara Srpska Kuća,2,Karađorđeva šnicla,completed,4,2026-02-06 19:30:00,Friday,February
2026-01-12,21,30,Villa Nova,2,Karađorđeva šnicla,completed,5,2026-01-12 21:30:00,Monday,January
2026-04-23,20,0,Rustika,1,Karađorđeva šnicla,confirmed,4,2026-04-23 20:00:00,Thursday,April
2026-07-02,13,30,Zlatna Ribica,2,Rižoto sa plodovima mora,completed,5,2026-07-02 13:30:00,Thursday,July
2026-01-13,20,30,Trpeza Balkana,6,Karađorđeva šnicla,completed,5,2026-01-13 20:30:00,Tuesday,January
2026-01-23,21,30,Stara Srpska Kuća,6,Karađorđeva šnicla,cancelled,5,2026-01-23 21:30:00,Friday,January
2026-04-09,13,0,Sonic Restaurant,2,Pileći medaljoni,confirmed,4,2026-04-09 13:00:00,Thursday,April
2026-04-15,12,30,Trpeza Balkana,6,Punjene pečurke,completed,5,2026-04-15 12:30:00,Wednesday,April
2026-01-30,20,0,Stara Srpska Kuća,4,Karađorđeva šnicla,confirmed,4,2026-01-30 20:00:00,Friday,January
2026-01-17,21,30,Sonic Restaurant,1,Pileći medaljoni,confirmed,5,2026-01-17 21:30:00,Saturday,January
2026-04-23,20,0,Zlatna Ribica,4,Šopska salata,completed,5,2026-04-23 20:00:00,Thursday,April
2026-03-03,18,30,Stara Srpska Kuća,6,Vino kuće,confirmed,4,2026-03-03 18:30:00,Tuesday,March
2026-03-25,13,0,Villa Nova,2,Punjene pečurke,confirmed,4,2026-03-25 13:00:00,Wednesday,March
2026-04-22,12,0,Stara Srpska Kuća,4,Grilovani list,confirmed,5,2026-04-22 12:00:00,Wednesday,April
2026-03-27,12,0,Trpeza Balkana,2,Šopska salata,confirmed,4,2026-03-27 12:00:00,Friday,March
2026-05-21,21,0,Zlatna Ribica,2,Pršuta i sir,confirmed,4,2026-05-21 21:00:00,Thursday,May
2026-07-06,19,0,Trpeza Balkana,5,Karađorđeva šnicla,completed,5,2026-07-06 19:00:00,Monday,July
2026-01-19,19,0,Sonic Restaurant,4,Baklava,completed,4,2026-01-19 19:00:00,Monday,January
2026-06-26,12,30,Zlatna Ribica,6,Rižoto sa plodovima mora,completed,5,2026-06-26 12:30:00,Friday,June
2026-04-10,20,30,Rustika,4,Domaći sok,confirmed,5,2026-04-10 20:30:00,Friday,April
2026-05-20,21,0,Sonic Restaurant,1,Šopska salata,completed,3,2026-05-20 21:00:00,Wednesday,May
2026-07-08,13,0,Sonic Restaurant,2,Pršuta i sir,cancelled,4,2026-07-08 13:00:00,Wednesday,July
2026-05-27,20,0,Zlatna Ribica,4,Šopska salata,confirmed,5,2026-05-27 20:00:00,Wednesday,May
2026-03-17,19,0,Trpeza Balkana,4,Pileći medaljoni,completed,4,2026-03-17 19:00:00,Tuesday,March
2026-01-09,18,30,Sonic Restaurant,2,Pileći medaljoni,completed,3,2026-01-09 18:30:00,Friday,January
2026-07-18,20,0,Villa Nova,6,Baklava,completed,3,2026-07-18 20:00:00,Saturday,July
2026-01-28,20,30,Sonic Restaurant,4,Punjene pečurke,confirmed,4,2026-01-28 20:30:00,Wednesday,January
2026-07-25,21,30,Sonic Restaurant,4,Palačinke,confirmed,5,2026-07-25 21:30:00,Saturday,July
2026-05-08,20,0,Trpeza Balkana,4,Palačinke,confirmed,5,2026-05-08 20:00:00,Friday,May
2026-02-21,20,0,Trpeza Balkana,1,Domaći sok,cancelled,5,2026-02-21 20:00:00,Saturday,February
2026-03-24,18,30,Rustika,3,Punjene pečurke,confirmed,4,2026-03-24 18:30:00,Tuesday,March
2026-04-21,20,30,Villa Nova,2,Pileći medaljoni,cancelled,4,2026-04-21 20:30:00,Tuesday,April
2026-05-24,18,0,Sonic Restaurant,4,Karađorđeva šnicla,confirmed,4,2026-05-24 18:00:00,Sunday,May
2026-04-27,12,0,Stara Srpska Kuća,2,Punjene pečurke,confirmed,3,2026-04-27 12:00:00,Monday,April
2026-03-10,18,0,Stara Srpska Kuća,3,Grilovani list,confirmed,4,2026-03-10 18:00:00,Tuesday,March
2026-04-09,13,30,Trpeza Balkana,4,Grilovani list,completed,4,2026-04-09 13:30:00,Thursday,April
2026-05-20,19,30,Rustika,2,Grilovani list,confirmed,5,2026-05-20 19:30:00,Wednesday,May
2026-01-25,20,0,Stara Srpska Kuća,2,Palačinke,confirmed,5,2026-01-25 20:00:00,Sunday,January
2026-06-29,18,30,Stara Srpska Kuća,4,Palačinke,cancelled,4,2026-06-29 18:30:00,Monday,June
2026-05-03,20,30,Stara Srpska Kuća,5,Pršuta i sir,cancelled,4,2026-05-03 20:30:00,Sunday,May
2026-02-22,12,0,Rustika,2,Pileći medaljoni,confirmed,4,2026-02-22 12:00:00,Sunday,February
2026-05-31,13,0,Sonic Restaurant,6,Punjene pečurke,confirmed,4,2026-05-31 13:00:00,Sunday,May
2026-05-24,13,30,Sonic Restaurant,5,Pršuta i sir,completed,4,2026-05-24 13:30:00,Sunday,May
2026-02-26,20,30,Zlatna Ribica,4,Rižoto sa plodovima mora,completed,4,2026-02-26 20:30:00,Thursday,February
2026-02-08,18,0,Rustika,4,Rižoto sa plodovima mora,confirmed,4,2026-02-08 18:00:00,Sunday,February
2026-04-19,21,0,Zlatna Ribica,2,Rižoto sa plodovima mora,cancelled,4,2026-04-19 21:00:00,Sunday,April
2026-06-30,20,0,Zlatna Ribica,4,Pršuta i sir,confirmed,4,2026-06-30 20:00:00,Tuesday,June
2026-02-11,20,0,Stara Srpska Kuća,3,Pršuta i sir,completed,3,2026-02-11 20:00:00,Wednesday,February
2026-07-05,12,0,Zlatna Ribica,1,Pileći medaljoni,confirmed,4,2026-07-05 12:00:00,Sunday,July
2026-06-16,12,30,Trpeza Balkana,2,Domaći sok,completed,5,2026-06-16 12:30:00,Tuesday,June
2026-05-22,18,30,Villa Nova,1,Karađorđeva šnicla,confirmed,3,2026-05-22 18:30:00,Friday,May
2026-05-02,13,30,Stara Srpska Kuća,2,Rižoto sa plodovima mora,completed,4,2026-05-02 13:30:00,Saturday,May
2026-05-13,20,30,Stara Srpska Kuća,2,Rižoto sa plodovima mora,cancelled,5,2026-05-13 20:30:00,Wednesday,May
2026-06-12,20,0,Stara Srpska Kuća,2,Karađorđeva šnicla,confirmed,4,2026-06-12 20:00:00,Friday,June
2026-03-16,19,0,Sonic Restaurant,6,Rižoto sa plodovima mora,completed,4,2026-03-16 19:00:00,Monday,March
2026-05-26,19,0,Rustika,2,Grilovani list,confirmed,5,2026-05-26 19:00:00,Tuesday,May
2026-03-17,19,30,Stara Srpska Kuća,4,Pileći medaljoni,cancelled,4,2026-03-17 19:30:00,Tuesday,March
2026-01-09,12,30,Sonic Restaurant,4,Rižoto sa plodovima mora,cancelled,4,2026-01-09 12:30:00,Friday,January
2026-03-15,12,30,Sonic Restaurant,4,Šopska salata,completed,3,2026-03-15 12:30:00,Sunday,March
2026-07-05,20,0,Stara Srpska Kuća,6,Pileći medaljoni,confirmed,4,2026-07-05 20:00:00,Sunday,July
2026-05-25,12,30,Sonic Restaurant,4,Karađorđeva šnicla,cancelled,4,2026-05-25 12:30:00,Monday,May
2026-01-07,21,0,Stara Srpska Kuća,1,Šopska salata,confirmed,5,2026-01-07 21:00:00,Wednesday,January
2026-06-23,20,0,Sonic Restaurant,5,Karađorđeva šnicla,completed,5,2026-06-23 20:00:00,Tuesday,June
2026-05-21,21,0,Trpeza Balkana,3,Baklava,completed,4,2026-05-21 21:00:00,Thursday,May
2026-06-17,20,0,Zlatna Ribica,6,Tiramisu,completed,5,2026-06-17 20:00:00,Wednesday,June
2026-06-19,19,0,Stara Srpska Kuća,3,Rižoto sa plodovima mora,completed,3,2026-06-19 19:00:00,Friday,June
2026-05-17,19,0,Villa Nova,3,Tiramisu,completed,2,2026-05-17 19:00:00,Sunday,May
2026-06-27,12,30,Zlatna Ribica,2,Baklava,confirmed,5,2026-06-27 12:30:00,Saturday,June
2026-01-27,12,0,Trpeza Balkana,2,Tiramisu,confirmed,2,2026-01-27 12:00:00,Tuesday,January
2026-05-02,12,0,Stara Srpska Kuća,6,Punjene pečurke,confirmed,4,2026-05-02 12:00:00,Saturday,May
2026-07-13,19,30,Stara Srpska Kuća,4,Grilovani list,completed,4,2026-07-13 19:30:00,Monday,July
2026-01-05,19,0,Stara Srpska Kuća,1,Palačinke,confirmed,5,2026-01-05 19:00:00,Monday,January
2026-01-29,12,30,Stara Srpska Kuća,2,Karađorđeva šnicla,confirmed,4,2026-01-29 12:30:00,Thursday,January
2026-06-14,12,30,Sonic Restaurant,2,Karađorđeva šnicla,completed,5,2026-06-14 12:30:00,Sunday,June
2026-06-15,20,30,Villa Nova,1,Grilovani list,cancelled,4,2026-06-15 20:30:00,Monday,June
2026-03-24,18,0,Sonic Restaurant,6,Grilovani list,cancelled,5,2026-03-24 18:00:00,Tuesday,March
2026-05-16,18,0,Sonic Restaurant,5,Pileći medaljoni,cancelled,3,2026-05-16 18:00:00,Saturday,May
2026-04-19,12,30,Zlatna Ribica,3,Šopska salata,completed,2,2026-04-19 12:30:00,Sunday,April
2026-03-06,19,0,Stara Srpska Kuća,2,Tiramisu,confirmed,4,2026-03-06 19:00:00,Friday,March
2026-03-27,20,0,Zlatna Ribica,1,Karađorđeva šnicla,completed,3,2026-03-27 20:00:00,Friday,March
2026-05-25,12,30,Zlatna Ribica,4,Tiramisu,confirmed,4,2026-05-25 12:30:00,Monday,May
2026-03-12,20,30,Trpeza Balkana,2,Tiramisu,completed,4,2026-03-12 20:30:00,Thursday,March
2026-02-14,12,0,Villa Nova,1,Karađorđeva šnicla,confirmed,5,2026-02-14 12:00:00,Saturday,February
2026-05-12,13,30,Stara Srpska Kuća,2,Rižoto sa plodovima mora,cancelled,3,2026-05-12 13:30:00,Tuesday,May
2026-02-05,19,30,Zlatna Ribica,4,Baklava,confirmed,5,2026-02-05 19:30:00,Thursday,February
2026-03-11,19,30,Rustika,4,Pršuta i sir,confirmed,5,2026-03-11 19:30:00,Wednesday,March
2026-06-08,21,0,Trpeza Balkana,4,Šopska salata,completed,4,2026-06-08 21:00:00,Monday,June
2026-01-19,20,0,Sonic Restaurant,3,Šopska salata,confirmed,5,2026-01-19 20:00:00,Monday,January
2026-07-08,20,0,Villa Nova,2,Pileći medaljoni,cancelled,3,2026-07-08 20:00:00,Wednesday,July
2026-04-18,19,30,Stara Srpska Kuća,2,Karađorđeva šnicla,confirmed,4,2026-04-18 19:30:00,Saturday,April
2026-07-01,21,0,Villa Nova,6,Pršuta i sir,completed,3,2026-07-01 21:00:00,Wednesday,July
2026-06-16,21,30,Stara Srpska Kuća,2,Karađorđeva šnicla,cancelled,5,2026-06-16 21:30:00,Tuesday,June
2026-04-01,20,0,Zlatna Ribica,6,Pršuta i sir,completed,5,2026-04-01 20:00:00,Wednesday,April
2026-07-21,13,0,Rustika,2,Baklava,confirmed,5,2026-07-21 13:00:00,Tuesday,July
2026-03-31,13,30,Stara Srpska Kuća,2,Pršuta i sir,confirmed,5,2026-03-31 13:30:00,Tuesday,March
2026-01-19,12,0,Sonic Restaurant,2,Kafa,completed,4,2026-01-19 12:00:00,Monday,January
2026-02-08,19,30,Sonic Restaurant,4,Pileći medaljoni,completed,3,2026-02-08 19:30:00,Sunday,February
2026-05-06,18,0,Villa Nova,4,Šopska salata,completed,4,2026-05-06 18:00:00,Wednesday,May
2026-07-14,13,0,Rustika,3,Punjene pečurke,cancelled,5,2026-07-14 13:00:00,Tuesday,July
2026-06-22,20,30,Trpeza Balkana,1,Kafa,confirmed,4,2026-06-22 20:30:00,Monday,June
2026-05-21,13,30,Zlatna Ribica,2,Šopska salata,confirmed,2,2026-05-21 13:30:00,Thursday,May
2026-05-06,13,30,Rustika,3,Karađorđeva šnicla,confirmed,5,2026-05-06 13:30:00,Wednesday,May
2026-02-27,19,0,Sonic Restaurant,4,Tiramisu,completed,3,2026-02-27 19:00:00,Friday,February
2026-05-28,20,0,Sonic Restaurant,1,Punjene pečurke,confirmed,4,2026-05-28 20:00:00,Thursday,May
2026-07-19,20,0,Trpeza Balkana,6,Karađorđeva šnicla,confirmed,5,2026-07-19 20:00:00,Sunday,July
2026-03-02,18,30,Sonic Restaurant,2,Punjene pečurke,completed,4,2026-03-02 18:30:00,Monday,March
2026-05-07,19,30,Stara Srpska Kuća,2,Palačinke,confirmed,5,2026-05-07 19:30:00,Thursday,May
2026-04-15,13,30,Stara Srpska Kuća,2,Pršuta i sir,completed,4,2026-04-15 13:30:00,Wednesday,April
2026-06-16,21,0,Stara Srpska Kuća,5,Rižoto sa plodovima mora,completed,3,2026-06-16 21:00:00,Tuesday,June
2026-01-01,21,0,Rustika,2,Baklava,confirmed,5,2026-01-01 21:00:00,Thursday,January
2026-05-11,20,30,Sonic Restaurant,4,Šopska salata,confirmed,4,2026-05-11 20:30:00,Monday,May
2026-07-24,20,0,Trpeza Balkana,2,Pileći medaljoni,completed,3,2026-07-24 20:00:00,Friday,July
2026-04-02,20,30,Sonic Restaurant,4,Karađorđeva šnicla,confirmed,3,2026-04-02 20:30:00,Thursday,April
2026-07-09,21,0,Stara Srpska Kuća,2,Grilovani list,confirmed,5,2026-07-09 21:00:00,Thursday,July
2026-07-10,20,0,Sonic Restaurant,6,Šopska salata,confirmed,5,2026-07-10 20:00:00,Friday,July
2026-04-23,12,30,Trpeza Balkana,6,Baklava,confirmed,3,2026-04-23 12:30:00,Thursday,April
2026-06-02,12,0,Zlatna Ribica,4,Grilovani list,cancelled,3,2026-06-02 12:00:00,Tuesday,June
2026-02-25,20,0,Villa Nova,5,Rižoto sa plodovima mora,confirmed,5,2026-02-25 20:00:00,Wednesday,February
2026-06-10,20,30,Trpeza Balkana,2,Karađorđeva šnicla,cancelled,3,2026-06-10 20:30:00,Wednesday,June
2026-06-15,13,30,Zlatna Ribica,3,Šopska salata,confirmed,5,2026-06-15 13:30:00,Monday,June
2026-04-27,20,0,Zlatna Ribica,2,Karađorđeva šnicla,cancelled,4,2026-04-27 20:00:00,Monday,April
2026-05-14,21,30,Villa Nova,4,Karađorđeva šnicla,completed,4,2026-05-14 21:30:00,Thursday,May
2026-02-27,12,0,Trpeza Balkana,5,Karađorđeva šnicla,completed,4,2026-02-27 12:00:00,Friday,February
2026-02-13,20,30,Stara Srpska Kuća,6,Pršuta i sir,completed,5,2026-02-13 20:30:00,Friday,February
2026-06-22,13,0,Zlatna Ribica,4,Rižoto sa plodovima mora,confirmed,5,2026-06-22 13:00:00,Monday,June
2026-06-09,13,0,Trpeza Balkana,5,Grilovani list,completed,4,2026-06-09 13:00:00,Tuesday,June
2026-06-22,19,30,Trpeza Balkana,6,Palačinke,confirmed,5,2026-06-22 19:30:00,Monday,June
2026-03-02,19,0,Stara Srpska Kuća,4,Karađorđeva šnicla,confirmed,3,2026-03-02 19:00:00,Monday,March
2026-02-16,13,0,Rustika,2,Rižoto sa plodovima mora,completed,5,2026-02-16 13:00:00,Monday,February
2026-05-29,19,30,Villa Nova,2,Tiramisu,confirmed,5,2026-05-29 19:30:00,Friday,May
2026-03-21,20,30,Stara Srpska Kuća,2,Rižoto sa plodovima mora,completed,5,2026-03-21 20:30:00,Saturday,March
2026-04-28,21,0,Rustika,6,Pileći medaljoni,confirmed,4,2026-04-28 21:00:00,Tuesday,April
2026-07-22,12,30,Stara Srpska Kuća,4,Karađorđeva šnicla,completed,3,2026-07-22 12:30:00,Wednesday,July
2026-06-13,21,30,Stara Srpska Kuća,2,Baklava,cancelled,4,2026-06-13 21:30:00,Saturday,June
2026-05-27,13,0,Stara Srpska Kuća,5,Rižoto sa plodovima mora,completed,4,2026-05-27 13:00:00,Wednesday,May
2026-01-20,18,0,Stara Srpska Kuća,4,Baklava,completed,4,2026-01-20 18:00:00,Tuesday,January
2026-07-04,13,30,Rustika,6,Grilovani list,completed,4,2026-07-04 13:30:00,Saturday,July
2026-05-26,21,30,Stara Srpska Kuća,5,Rižoto sa plodovima mora,cancelled,4,2026-05-26 21:30:00,Tuesday,May
2026-02-16,20,30,Stara Srpska Kuća,2,Šopska salata,confirmed,5,2026-02-16 20:30:00,Monday,February
2026-02-18,21,0,Stara Srpska Kuća,1,Domaći sok,completed,5,2026-02-18 21:00:00,Wednesday,February
2026-01-14,20,0,Sonic Restaurant,2,Karađorđeva šnicla,confirmed,4,2026-01-14 20:00:00,Wednesday,January
2026-05-23,20,0,Stara Srpska Kuća,2,Baklava,confirmed,5,2026-05-23 20:00:00,Saturday,May
2026-06-08,20,0,Trpeza Balkana,2,Grilovani list,confirmed,5,2026-06-08 20:00:00,Monday,June
2026-01-01,21,0,Stara Srpska Kuća,4,Pileći medaljoni,confirmed,4,2026-01-01 21:00:00,Thursday,January
2026-04-27,21,0,Rustika,2,Grilovani list,completed,4,2026-04-27 21:00:00,Monday,April
2026-02-23,20,0,Rustika,6,Pršuta i sir,cancelled,3,2026-02-23 20:00:00,Monday,February
2026-04-28,13,30,Stara Srpska Kuća,2,Rižoto sa plodovima mora,completed,5,2026-04-28 13:30:00,Tuesday,April
2026-01-03,18,30,Rustika,4,Rižoto sa plodovima mora,completed,4,2026-01-03 18:30:00,Saturday,January
2026-05-24,18,0,Stara Srpska Kuća,4,Karađorđeva šnicla,confirmed,5,2026-05-24 18:00:00,Sunday,May
2026-07-04,20,0,Stara Srpska Kuća,1,Karađorđeva šnicla,confirmed,3,2026-07-04 20:00:00,Saturday,July
2026-07-22,19,0,Stara Srpska Kuća,5,Palačinke,confirmed,5,2026-07-22 19:00:00,Wednesday,July
2026-01-12,20,30,Sonic Restaurant,2,Kafa,completed,4,2026-01-12 20:30:00,Monday,January
2026-03-15,20,0,Zlatna Ribica,4,Šopska salata,confirmed,5,2026-03-15 20:00:00,Sunday,March
2026-01-16,12,30,Trpeza Balkana,2,Grilovani list,confirmed,4,2026-01-16 12:30:00,Friday,January
2026-07-19,20,30,Sonic Restaurant,2,Rižoto sa plodovima mora,cancelled,5,2026-07-19 20:30:00,Sunday,July
2026-04-12,21,30,Trpeza Balkana,3,Šopska salata,completed,5,2026-04-12 21:30:00,Sunday,April
2026-07-23,13,30,Stara Srpska Kuća,1,Domaći sok,completed,5,2026-07-23 13:30:00,Thursday,July
2026-06-01,19,30,Trpeza Balkana,6,Pileći medaljoni,completed,4,2026-06-01 19:30:00,Monday,June
2026-06-05,21,0,Stara Srpska Kuća,4,Baklava,confirmed,4,2026-06-05 21:00:00,Friday,June
2026-04-27,12,0,Stara Srpska Kuća,2,Domaći sok,confirmed,4,2026-04-27 12:00:00,Monday,April
2026-01-08,19,30,Stara Srpska Kuća,2,Palačinke,cancelled,3,2026-01-08 19:30:00,Thursday,January
2026-05-02,13,0,Stara Srpska Kuća,4,Grilovani list,completed,4,2026-05-02 13:00:00,Saturday,May
2026-04-02,13,30,Zlatna Ribica,2,Karađorđeva šnicla,completed,2,2026-04-02 13:30:00,Thursday,April
2026-06-13,21,30,Rustika,4,Pileći medaljoni,confirmed,5,2026-06-13 21:30:00,Saturday,June
2026-03-31,12,0,Stara Srpska Kuća,4,Pileći medaljoni,completed,5,2026-03-31 12:00:00,Tuesday,March
2026-05-16,21,0,Trpeza Balkana,6,Karađorđeva šnicla,confirmed,4,2026-05-16 21:00:00,Saturday,May
2026-07-05,20,0,Zlatna Ribica,3,Grilovani list,confirmed,5,2026-07-05 20:00:00,Sunday,July
2026-03-01,19,0,Rustika,2,Šopska salata,confirmed,4,2026-03-01 19:00:00,Sunday,March
2026-06-27,12,0,Stara Srpska Kuća,2,Pileći medaljoni,confirmed,3,2026-06-27 12:00:00,Saturday,June
2026-01-28,21,30,Sonic Restaurant,1,Grilovani list,confirmed,5,2026-01-28 21:30:00,Wednesday,January
2026-04-11,12,0,Villa Nova,2,Pršuta i sir,confirmed,5,2026-04-11 12:00:00,Saturday,April
2026-02-10,19,0,Zlatna Ribica,2,Punjene pečurke,completed,3,2026-02-10 19:00:00,Tuesday,February
2026-07-11,20,0,Sonic Restaurant,4,Šopska salata,completed,4,2026-07-11 20:00:00,Saturday,July
2026-06-04,18,30,Stara Srpska Kuća,4,Karađorđeva šnicla,completed,4,2026-06-04 18:30:00,Thursday,June
2026-07-10,21,0,Stara Srpska Kuća,1,Šopska salata,confirmed,5,2026-07-10 21:00:00,Friday,July
2026-05-25,21,30,Zlatna Ribica,2,Pršuta i sir,cancelled,4,2026-05-25 21:30:00,Monday,May
2026-07-20,18,0,Trpeza Balkana,5,Karađorđeva šnicla,confirmed,4,2026-07-20 18:00:00,Monday,July
2026-06-10,13,0,Stara Srpska Kuća,6,Šopska salata,confirmed,5,2026-06-10 13:00:00,Wednesday,June
2026-07-24,19,30,Zlatna Ribica,4,Rižoto sa plodovima mora,completed,3,2026-07-24 19:30:00,Friday,July
2026-06-06,19,0,Zlatna Ribica,4,Rižoto sa plodovima mora,confirmed,4,2026-06-06 19:00:00,Saturday,June
2026-05-21,13,0,Zlatna Ribica,5,Rižoto sa plodovima mora,completed,4,2026-05-21 13:00:00,Thursday,May
2026-02-15,20,30,Trpeza Balkana,4,Rižoto sa plodovima mora,completed,4,2026-02-15 20:30:00,Sunday,February
2026-02-04,21,0,Rustika,2,Rižoto sa plodovima mora,cancelled,5,2026-02-04 21:00:00,Wednesday,February
2026-05-14,21,30,Sonic Restaurant,1,Baklava,cancelled,4,2026-05-14 21:30:00,Thursday,May
2026-03-23,19,30,Rustika,4,Karađorđeva šnicla,cancelled,5,2026-03-23 19:30:00,Monday,March
2026-04-25,12,30,Stara Srpska Kuća,1,Domaći sok,confirmed,5,2026-04-25 12:30:00,Saturday,April
2026-07-16,19,30,Stara Srpska Kuća,1,Pileći medaljoni,cancelled,4,2026-07-16 19:30:00,Thursday,July
2026-02-16,18,30,Stara Srpska Kuća,6,Karađorđeva šnicla,confirmed,5,2026-02-16 18:30:00,Monday,February
2026-06-02,18,0,Stara Srpska Kuća,4,Karađorđeva šnicla,completed,5,2026-06-02 18:00:00,Tuesday,June
2026-07-13,12,0,Stara Srpska Kuća,2,Pršuta i sir,completed,4,2026-07-13 12:00:00,Monday,July
2026-01-10,13,0,Stara Srpska Kuća,4,Pršuta i sir,confirmed,5,2026-01-10 13:00:00,Saturday,January
2026-02-25,21,30,Rustika,1,Karađorđeva šnicla,completed,5,2026-02-25 21:30:00,Wednesday,February
2026-01-30,19,30,Stara Srpska Kuća,4,Grilovani list,confirmed,5,2026-01-30 19:30:00,Friday,January
2026-04-19,20,30,Trpeza Balkana,4,Baklava,confirmed,4,2026-04-19 20:30:00,Sunday,April
2026-01-05,21,30,Stara Srpska Kuća,2,Karađorđeva šnicla,cancelled,4,2026-01-05 21:30:00,Monday,January
2026-04-29,19,0,Villa Nova,4,Baklava,confirmed,5,2026-04-29 19:00:00,Wednesday,April
2026-02-02,21,0,Trpeza Balkana,2,Punjene pečurke,confirmed,4,2026-02-02 21:00:00,Monday,February
2026-04-28,18,30,Stara Srpska Kuća,1,Rižoto sa plodovima mora,confirmed,4,2026-04-28 18:30:00,Tuesday,April
2026-03-06,20,30,Trpeza Balkana,2,Rižoto sa plodovima mora,completed,4,2026-03-06 20:30:00,Friday,March
2026-05-26,13,0,Zlatna Ribica,2,Karađorđeva šnicla,confirmed,4,2026-05-26 13:00:00,Tuesday,May
2026-06-26,12,30,Trpeza Balkana,1,Baklava,confirmed,3,2026-06-26 12:30:00,Friday,June
2026-01-11,13,30,Zlatna Ribica,2,Karađorđeva šnicla,completed,4,2026-01-11 13:30:00,Sunday,January
2026-03-26,20,30,Zlatna Ribica,3,Grilovani list,confirmed,5,2026-03-26 20:30:00,Thursday,March
2026-01-26,13,0,Trpeza Balkana,5,Pršuta i sir,confirmed,4,2026-01-26 13:00:00,Monday,January
2026-03-04,12,0,Sonic Restaurant,1,Grilovani list,completed,4,2026-03-04 12:00:00,Wednesday,March
2026-03-27,20,30,Stara Srpska Kuća,2,Pileći medaljoni,confirmed,4,2026-03-27 20:30:00,Friday,March
2026-02-28,18,0,Rustika,2,Baklava,completed,5,2026-02-28 18:00:00,Saturday,February
2026-01-27,13,30,Sonic Restaurant,3,Pileći medaljoni,confirmed,3,2026-01-27 13:30:00,Tuesday,January
2026-06-26,21,30,Sonic Restaurant,4,Tiramisu,cancelled,5,2026-06-26 21:30:00,Friday,June
2026-07-24,20,0,Stara Srpska Kuća,5,Baklava,cancelled,4,2026-07-24 20:00:00,Friday,July
2026-06-10,13,30,Sonic Restaurant,4,Rižoto sa plodovima mora,confirmed,5,2026-06-10 13:30:00,Wednesday,June
2026-04-08,19,30,Villa Nova,1,Rižoto sa plodovima mora,confirmed,5,2026-04-08 19:30:00,Wednesday,April
2026-04-15,12,0,Stara Srpska Kuća,4,Rižoto sa plodovima mora,cancelled,4,2026-04-15 12:00:00,Wednesday,April
2026-04-09,19,30,Sonic Restaurant,2,Pršuta i sir,completed,3,2026-04-09 19:30:00,Thursday,April
2026-05-09,13,30,Trpeza Balkana,4,Grilovani list,completed,5,2026-05-09 13:30:00,Saturday,May
2026-05-29,21,30,Rustika,5,Domaći sok,completed,4,2026-05-29 21:30:00,Friday,May
2026-02-24,21,0,Sonic Restaurant,4,Pršuta i sir,completed,5,2026-02-24 21:00:00,Tuesday,February
2026-01-06,20,30,Sonic Restaurant,4,Rižoto sa plodovima mora,cancelled,5,2026-01-06 20:30:00,Tuesday,January
2026-07-28,21,0,Villa Nova,6,Pršuta i sir,confirmed,3,2026-07-28 21:00:00,Tuesday,July
2026-07-16,12,30,Trpeza Balkana,6,Rižoto sa plodovima mora,confirmed,5,2026-07-16 12:30:00,Thursday,July
2026-04-05,21,30,Stara Srpska Kuća,1,Baklava,completed,5,2026-04-05 21:30:00,Sunday,April
2026-05-13,21,30,Stara Srpska Kuća,1,Pršuta i sir,cancelled,5,2026-05-13 21:30:00,Wednesday,May
2026-04-12,20,30,Sonic Restaurant,1,Karađorđeva šnicla,completed,3,2026-04-12 20:30:00,Sunday,April
2026-01-03,18,0,Stara Srpska Kuća,5,Karađorđeva šnicla,cancelled,5,2026-01-03 18:00:00,Saturday,January
2026-06-30,20,0,Stara Srpska Kuća,4,Palačinke,completed,5,2026-06-30 20:00:00,Tuesday,June
2026-01-23,12,30,Rustika,2,Pršuta i sir,confirmed,5,2026-01-23 12:30:00,Friday,January
2026-02-22,19,30,Stara Srpska Kuća,2,Tiramisu,completed,3,2026-02-22 19:30:00,Sunday,February
2026-06-14,13,30,Trpeza Balkana,2,Karađorđeva šnicla,confirmed,5,2026-06-14 13:30:00,Sunday,June
2026-07-21,21,30,Stara Srpska Kuća,2,Grilovani list,confirmed,3,2026-07-21 21:30:00,Tuesday,July
2026-07-21,21,30,Trpeza Balkana,4,Karađorđeva šnicla,confirmed,4,2026-07-21 21:30:00,Tuesday,July
2026-03-24,20,30,Trpeza Balkana,5,Pileći medaljoni,completed,5,2026-03-24 20:30:00,Tuesday,March
2026-05-25,18,30,Stara Srpska Kuća,4,Rižoto sa plodovima mora,cancelled,5,2026-05-25 18:30:00,Monday,May
2026-03-26,21,30,Zlatna Ribica,2,Karađorđeva šnicla,confirmed,4,2026-03-26 21:30:00,Thursday,March
2026-03-19,20,0,Stara Srpska Kuća,4,Pršuta i sir,confirmed,5,2026-03-19 20:00:00,Thursday,March
2026-07-20,20,0,Rustika,2,Pileći medaljoni,completed,5,2026-07-20 20:00:00,Monday,July
2026-04-20,12,0,Rustika,4,Grilovani list,cancelled,5,2026-04-20 12:00:00,Monday,April
2026-01-01,18,30,Sonic Restaurant,4,Pileći medaljoni,completed,4,2026-01-01 18:30:00,Thursday,January
2026-02-20,13,30,Sonic Restaurant,2,Šopska salata,completed,3,2026-02-20 13:30:00,Friday,February
2026-06-22,13,30,Sonic Restaurant,5,Karađorđeva šnicla,completed,4,2026-06-22 13:30:00,Monday,June
2026-07-24,12,0,Trpeza Balkana,2,Grilovani list,confirmed,5,2026-07-24 12:00:00,Friday,July
2026-01-04,20,30,Sonic Restaurant,4,Rižoto sa plodovima mora,confirmed,3,2026-01-04 20:30:00,Sunday,January
2026-07-09,13,0,Stara Srpska Kuća,2,Šopska salata,confirmed,5,2026-07-09 13:00:00,Thursday,July
2026-07-12,12,30,Sonic Restaurant,3,Baklava,completed,5,2026-07-12 12:30:00,Sunday,July
2026-04-23,20,0,Stara Srpska Kuća,4,Rižoto sa plodovima mora,confirmed,5,2026-04-23 20:00:00,Thursday,April
2026-02-01,21,0,Trpeza Balkana,2,Grilovani list,completed,5,2026-02-01 21:00:00,Sunday,February
2026-02-03,20,0,Stara Srpska Kuća,3,Palačinke,confirmed,4,2026-02-03 20:00:00,Tuesday,February
2026-04-02,19,30,Zlatna Ribica,2,Kafa,completed,4,2026-04-02 19:30:00,Thursday,April
2026-04-05,19,0,Stara Srpska Kuća,3,Punjene pečurke,confirmed,4,2026-04-05 19:00:00,Sunday,April
2026-03-13,12,30,Stara Srpska Kuća,2,Vino kuće,confirmed,5,2026-03-13 12:30:00,Friday,March
2026-02-08,18,30,Zlatna Ribica,4,Punjene pečurke,confirmed,5,2026-02-08 18:30:00,Sunday,February
2026-06-03,21,30,Villa Nova,1,Šopska salata,completed,3,2026-06-03 21:30:00,Wednesday,June
2026-06-11,21,30,Trpeza Balkana,6,Rižoto sa plodovima mora,confirmed,4,2026-06-11 21:30:00,Thursday,June
2026-07-01,21,30,Stara Srpska Kuća,6,Rižoto sa plodovima mora,completed,5,2026-07-01 21:30:00,Wednesday,July
2026-04-28,13,0,Stara Srpska Kuća,3,Karađorđeva šnicla,completed,4,2026-04-28 13:00:00,Tuesday,April
2026-01-03,12,30,Rustika,6,Baklava,confirmed,2,2026-01-03 12:30:00,Saturday,January
2026-05-03,13,30,Sonic Restaurant,4,Tiramisu,confirmed,4,2026-05-03 13:30:00,Sunday,May
2026-02-19,12,30,Stara Srpska Kuća,3,Pršuta i sir,cancelled,3,2026-02-19 12:30:00,Thursday,February
2026-01-12,12,30,Rustika,2,Rižoto sa plodovima mora,confirmed,3,2026-01-12 12:30:00,Monday,January
2026-07-12,13,30,Rustika,5,Karađorđeva šnicla,confirmed,5,2026-07-12 13:30:00,Sunday,July
2026-02-23,20,0,Villa Nova,2,Grilovani list,cancelled,5,2026-02-23 20:00:00,Monday,February
2026-05-13,20,0,Rustika,2,Grilovani list,confirmed,5,2026-05-13 20:00:00,Wednesday,May
2026-02-26,21,30,Rustika,4,Pršuta i sir,cancelled,2,2026-02-26 21:30:00,Thursday,February
2026-05-25,19,0,Stara Srpska Kuća,5,Tiramisu,confirmed,4,2026-05-25 19:00:00,Monday,May
2026-04-22,19,0,Stara Srpska Kuća,6,Karađorđeva šnicla,completed,4,2026-04-22 19:00:00,Wednesday,April
2026-02-16,20,30,Zlatna Ribica,4,Karađorđeva šnicla,confirmed,3,2026-02-16 20:30:00,Monday,February
2026-05-31,13,0,Zlatna Ribica,3,Pršuta i sir,cancelled,5,2026-05-31 13:00:00,Sunday,May
2026-07-26,21,30,Sonic Restaurant,2,Grilovani list,completed,4,2026-07-26 21:30:00,Sunday,July
2026-03-26,12,0,Sonic Restaurant,2,Palačinke,confirmed,3,2026-03-26 12:00:00,Thursday,March
2026-05-22,20,0,Sonic Restaurant,6,Rižoto sa plodovima mora,confirmed,3,2026-05-22 20:00:00,Friday,May
2026-03-07,19,0,Zlatna Ribica,2,Grilovani list,confirmed,4,2026-03-07 19:00:00,Saturday,March
2026-03-16,19,30,Stara Srpska Kuća,2,Grilovani list,completed,4,2026-03-16 19:30:00,Monday,March
2026-06-28,13,0,Stara Srpska Kuća,2,Karađorđeva šnicla,confirmed,4,2026-06-28 13:00:00,Sunday,June
2026-04-13,13,0,Zlatna Ribica,2,Pršuta i sir,confirmed,5,2026-04-13 13:00:00,Monday,April
2026-06-15,20,30,Trpeza Balkana,2,Karađorđeva šnicla,completed,4,2026-06-15 20:30:00,Monday,June
2026-07-11,20,30,Stara Srpska Kuća,4,Rižoto sa plodovima mora,confirmed,4,2026-07-11 20:30:00,Saturday,July
2026-02-07,19,0,Zlatna Ribica,6,Pileći medaljoni,confirmed,4,2026-02-07 19:00:00,Saturday,February
2026-02-19,18,30,Trpeza Balkana,2,Karađorđeva šnicla,confirmed,3,2026-02-19 18:30:00,Thursday,February
2026-04-08,13,0,Sonic Restaurant,2,Karađorđeva šnicla,completed,3,2026-04-08 13:00:00,Wednesday,April
2026-03-23,20,0,Stara Srpska Kuća,6,Pileći medaljoni,cancelled,5,2026-03-23 20:00:00,Monday,March
2026-01-30,18,30,Sonic Restaurant,2,Punjene pečurke,confirmed,5,2026-01-30 18:30:00,Friday,January
2026-03-20,18,30,Sonic Restaurant,1,Tiramisu,completed,4,2026-03-20 18:30:00,Friday,March
2026-04-01,13,30,Villa Nova,5,Karađorđeva šnicla,confirmed,4,2026-04-01 13:30:00,Wednesday,April
2026-06-28,13,0,Stara Srpska Kuća,6,Karađorđeva šnicla,confirmed,5,2026-06-28 13:00:00,Sunday,June
2026-07-10,21,30,Zlatna Ribica,4,Karađorđeva šnicla,confirmed,3,2026-07-10 21:30:00,Friday,July
2026-02-21,12,0,Stara Srpska Kuća,5,Rižoto sa plodovima mora,confirmed,3,2026-02-21 12:00:00,Saturday,February
2026-06-15,19,30,Sonic Restaurant,2,Pršuta i sir,completed,4,2026-06-15 19:30:00,Monday,June
2026-03-20,20,0,Zlatna Ribica,2,Baklava,completed,2,2026-03-20 20:00:00,Friday,March
2026-01-30,13,30,Sonic Restaurant,2,Punjene pečurke,cancelled,3,2026-01-30 13:30:00,Friday,January
2026-04-16,21,0,Sonic Restaurant,5,Karađorđeva šnicla,confirmed,4,2026-04-16 21:00:00,Thursday,April
2026-02-20,12,30,Stara Srpska Kuća,2,Pileći medaljoni,confirmed,4,2026-02-20 12:30:00,Friday,February
2026-03-22,13,0,Sonic Restaurant,6,Palačinke,cancelled,3,2026-03-22 13:00:00,Sunday,March
2026-05-13,12,30,Zlatna Ribica,2,Rižoto sa plodovima mora,confirmed,5,2026-05-13 12:30:00,Wednesday,May
2026-01-29,19,30,Sonic Restaurant,1,Pileći medaljoni,completed,5,2026-01-29 19:30:00,Thursday,January
2026-05-12,21,0,Rustika,2,Tiramisu,confirmed,5,2026-05-12 21:00:00,Tuesday,May
2026-05-18,21,30,Zlatna Ribica,2,Šopska salata,confirmed,4,2026-05-18 21:30:00,Monday,May
2026-07-03,19,0,Sonic Restaurant,4,Šopska salata,confirmed,4,2026-07-03 19:00:00,Friday,July
2026-05-25,21,0,Stara Srpska Kuća,4,Grilovani list,cancelled,5,2026-05-25 21:00:00,Monday,May
2026-03-15,21,30,Sonic Restaurant,5,Rižoto sa plodovima mora,completed,4,2026-03-15 21:30:00,Sunday,March
2026-01-17,12,0,Trpeza Balkana,2,Karađorđeva šnicla,confirmed,3,2026-01-17 12:00:00,Saturday,January
2026-03-25,20,30,Stara Srpska Kuća,4,Pršuta i sir,cancelled,3,2026-03-25 20:30:00,Wednesday,March
2026-03-10,19,30,Rustika,4,Karađorđeva šnicla,confirmed,4,2026-03-10 19:30:00,Tuesday,March
2026-02-03,13,0,Stara Srpska Kuća,3,Baklava,confirmed,4,2026-02-03 13:00:00,Tuesday,February
2026-01-06,18,30,Rustika,4,Baklava,completed,4,2026-01-06 18:30:00,Tuesday,January
2026-02-22,20,0,Stara Srpska Kuća,2,Pileći medaljoni,completed,4,2026-02-22 20:00:00,Sunday,February
2026-07-13,13,0,Rustika,2,Karađorđeva šnicla,confirmed,5,2026-07-13 13:00:00,Monday,July
2026-07-24,13,30,Sonic Restaurant,6,Karađorđeva šnicla,confirmed,3,2026-07-24 13:30:00,Friday,July
2026-05-06,21,30,Sonic Restaurant,2,Baklava,cancelled,5,2026-05-06 21:30:00,Wednesday,May
2026-02-12,13,0,Stara Srpska Kuća,2,Pršuta i sir,cancelled,4,2026-02-12 13:00:00,Thursday,February
2026-07-22,12,0,Sonic Restaurant,2,Šopska salata,cancelled,4,2026-07-22 12:00:00,Wednesday,July
2026-04-25,20,30,Villa Nova,3,Grilovani list,confirmed,5,2026-04-25 20:30:00,Saturday,April
2026-04-21,20,30,Stara Srpska Kuća,2,Pileći medaljoni,completed,3,2026-04-21 20:30:00,Tuesday,April
2026-05-31,20,30,Stara Srpska Kuća,5,Šopska salata,confirmed,3,2026-05-31 20:30:00,Sunday,May
2026-07-02,20,30,Zlatna Ribica,4,Pileći medaljoni,cancelled,4,2026-07-02 20:30:00,Thursday,July
2026-03-21,19,0,Sonic Restaurant,4,Pršuta i sir,confirmed,5,2026-03-21 19:00:00,Saturday,March
2026-04-05,19,30,Zlatna Ribica,2,Šopska salata,confirmed,5,2026-04-05 19:30:00,Sunday,April
2026-07-22,19,0,Trpeza Balkana,2,Karađorđeva šnicla,confirmed,5,2026-07-22 19:00:00,Wednesday,July
2026-04-28,20,0,Stara Srpska Kuća,6,Karađorđeva šnicla,cancelled,2,2026-04-28 20:00:00,Tuesday,April
2026-05-24,13,30,Rustika,6,Pileći medaljoni,completed,3,2026-05-24 13:30:00,Sunday,May
2026-01-08,13,0,Sonic Restaurant,3,Karađorđeva šnicla,confirmed,3,2026-01-08 13:00:00,Thursday,January
2026-05-12,13,30,Stara Srpska Kuća,2,Šopska salata,completed,4,2026-05-12 13:30:00,Tuesday,May
2026-04-14,20,0,Trpeza Balkana,2,Šopska salata,cancelled,3,2026-04-14 20:00:00,Tuesday,April
2026-05-12,13,30,Zlatna Ribica,5,Palačinke,confirmed,5,2026-05-12 13:30:00,Tuesday,May
2026-07-03,20,0,Sonic Restaurant,4,Pršuta i sir,completed,3,2026-07-03 20:00:00,Friday,July
2026-01-25,21,0,Zlatna Ribica,4,Karađorđeva šnicla,cancelled,5,2026-01-25 21:00:00,Sunday,January
2026-07-14,13,30,Stara Srpska Kuća,1,Grilovani list,confirmed,5,2026-07-14 13:30:00,Tuesday,July
2026-04-06,19,30,Sonic Restaurant,1,Baklava,confirmed,3,2026-04-06 19:30:00,Monday,April
2026-07-14,20,0,Rustika,2,Karađorđeva šnicla,confirmed,5,2026-07-14 20:00:00,Tuesday,July
2026-06-04,21,0,Stara Srpska Kuća,2,Punjene pečurke,confirmed,4,2026-06-04 21:00:00,Thursday,June
2026-04-03,21,30,Sonic Restaurant,1,Šopska salata,confirmed,4,2026-04-03 21:30:00,Friday,April
2026-06-09,19,0,Rustika,3,Rižoto sa plodovima mora,completed,4,2026-06-09 19:00:00,Tuesday,June
2026-06-27,20,30,Villa Nova,2,Rižoto sa plodovima mora,completed,4,2026-06-27 20:30:00,Saturday,June
2026-03-02,21,0,Sonic Restaurant,1,Pileći medaljoni,confirmed,4,2026-03-02 21:00:00,Monday,March
2026-05-02,13,30,Zlatna Ribica,5,Palačinke,completed,4,2026-05-02 13:30:00,Saturday,May
2026-02-20,13,0,Zlatna Ribica,4,Grilovani list,completed,3,2026-02-20 13:00:00,Friday,February
2026-05-27,20,30,Villa Nova,6,Tiramisu,cancelled,4,2026-05-27 20:30:00,Wednesday,May
2026-01-21,19,30,Rustika,2,Pršuta i sir,confirmed,4,2026-01-21 19:30:00,Wednesday,January
2026-01-05,18,0,Stara Srpska Kuća,6,Kafa,completed,5,2026-01-05 18:00:00,Monday,January
2026-07-29,13,30,Sonic Restaurant,6,Karađorđeva šnicla,cancelled,4,2026-07-29 13:30:00,Wednesday,July
2026-04-02,20,0,Sonic Restaurant,1,Karađorđeva šnicla,completed,4,2026-04-02 20:00:00,Thursday,April
2026-06-19,12,30,Trpeza Balkana,2,Baklava,confirmed,5,2026-06-19 12:30:00,Friday,June
2026-03-02,20,30,Zlatna Ribica,4,Palačinke,confirmed,4,2026-03-02 20:30:00,Monday,March
2026-01-22,12,30,Zlatna Ribica,5,Rižoto sa plodovima mora,cancelled,3,2026-01-22 12:30:00,Thursday,January
2026-05-29,20,0,Villa Nova,2,Šopska salata,confirmed,3,2026-05-29 20:00:00,Friday,May
2026-03-11,13,30,Stara Srpska Kuća,3,Palačinke,cancelled,3,2026-03-11 13:30:00,Wednesday,March
2026-01-01,20,0,Stara Srpska Kuća,6,Karađorđeva šnicla,cancelled,5,2026-01-01 20:00:00,Thursday,January
2026-05-13,21,30,Sonic Restaurant,4,Pršuta i sir,confirmed,3,2026-05-13 21:30:00,Wednesday,May
2026-01-12,18,0,Sonic Restaurant,4,Baklava,completed,5,2026-01-12 18:00:00,Monday,January
2026-03-31,13,0,Stara Srpska Kuća,4,Rižoto sa plodovima mora,confirmed,4,2026-03-31 13:00:00,Tuesday,March
2026-02-15,20,0,Stara Srpska Kuća,2,Grilovani list,confirmed,4,2026-02-15 20:00:00,Sunday,February
2026-02-03,21,30,Trpeza Balkana,2,Baklava,completed,4,2026-02-03 21:30:00,Tuesday,February
2026-06-26,20,0,Rustika,2,Rižoto sa plodovima mora,completed,5,2026-06-26 20:00:00,Friday,June
2026-03-19,13,30,Zlatna Ribica,3,Karađorđeva šnicla,confirmed,4,2026-03-19 13:30:00,Thursday,March
2026-02-14,21,0,Zlatna Ribica,3,Tiramisu,completed,4,2026-02-14 21:00:00,Saturday,February
2026-06-04,13,0,Stara Srpska Kuća,5,Pršuta i sir,confirmed,5,2026-06-04 13:00:00,Thursday,June
2026-03-14,21,0,Trpeza Balkana,6,Baklava,confirmed,4,2026-03-14 21:00:00,Saturday,March
2026-01-26,20,0,Trpeza Balkana,2,Baklava,completed,3,2026-01-26 20:00:00,Monday,January
2026-02-16,12,30,Zlatna Ribica,4,Karađorđeva šnicla,confirmed,4,2026-02-16 12:30:00,Monday,February
2026-05-01,20,0,Stara Srpska Kuća,1,Karađorđeva šnicla,cancelled,3,2026-05-01 20:00:00,Friday,May
2026-02-25,19,0,Stara Srpska Kuća,1,Grilovani list,completed,5,2026-02-25 19:00:00,Wednesday,February
2026-04-04,20,30,Stara Srpska Kuća,2,Rižoto sa plodovima mora,confirmed,5,2026-04-04 20:30:00,Saturday,April
2026-04-17,20,0,Zlatna Ribica,4,Punjene pečurke,confirmed,3,2026-04-17 20:00:00,Friday,April
2026-03-04,19,0,Rustika,2,Pršuta i sir,confirmed,5,2026-03-04 19:00:00,Wednesday,March
2026-02-17,12,0,Rustika,2,Pileći medaljoni,confirmed,5,2026-02-17 12:00:00,Tuesday,February
2026-03-02,21,0,Sonic Restaurant,1,Karađorđeva šnicla,completed,4,2026-03-02 21:00:00,Monday,March
2026-03-22,13,30,Trpeza Balkana,2,Rižoto sa plodovima mora,cancelled,4,2026-03-22 13:30:00,Sunday,March
2026-01-26,21,30,Villa Nova,4,Pileći medaljoni,cancelled,4,2026-01-26 21:30:00,Monday,January
2026-02-05,12,0,Stara Srpska Kuća,6,Pileći medaljoni,confirmed,4,2026-02-05 12:00:00,Thursday,February
2026-01-01,18,30,Sonic Restaurant,4,Karađorđeva šnicla,confirmed,5,2026-01-01 18:30:00,Thursday,January
2026-01-08,18,30,Villa Nova,2,Pršuta i sir,confirmed,4,2026-01-08 18:30:00,Thursday,January
2026-04-23,18,0,Sonic Restaurant,6,Karađorđeva šnicla,confirmed,4,2026-04-23 18:00:00,Thursday,April
2026-04-09,13,30,Rustika,4,Rižoto sa plodovima mora,completed,5,2026-04-09 13:30:00,Thursday,April
2026-06-29,18,0,Villa Nova,1,Šopska salata,completed,4,2026-06-29 18:00:00,Monday,June
2026-07-26,13,30,Trpeza Balkana,6,Karađorđeva šnicla,confirmed,4,2026-07-26 13:30:00,Sunday,July
2026-02-16,21,30,Rustika,2,Pršuta i sir,completed,5,2026-02-16 21:30:00,Monday,February
2026-05-07,12,30,Trpeza Balkana,2,Rižoto sa plodovima mora,completed,4,2026-05-07 12:30:00,Thursday,May
2026-02-25,18,0,Trpeza Balkana,6,Karađorđeva šnicla,confirmed,5,2026-02-25 18:00:00,Wednesday,February
2026-01-14,20,30,Sonic Restaurant,2,Karađorđeva šnicla,completed,5,2026-01-14 20:30:00,Wednesday,January
2026-01-28,20,0,Stara Srpska Kuća,2,Tiramisu,confirmed,4,2026-01-28 20:00:00,Wednesday,January
2026-03-19,13,0,Sonic Restaurant,1,Pileći medaljoni,completed,3,2026-03-19 13:00:00,Thursday,March
2026-05-10,13,30,Trpeza Balkana,4,Kafa,completed,3,2026-05-10 13:30:00,Sunday,May
2026-04-19,12,0,Stara Srpska Kuća,4,Pileći medaljoni,confirmed,4,2026-04-19 12:00:00,Sunday,April
2026-06-03,12,30,Stara Srpska Kuća,2,Pileći medaljoni,cancelled,5,2026-06-03 12:30:00,Wednesday,June
2026-01-14,20,0,Stara Srpska Kuća,4,Rižoto sa plodovima mora,confirmed,5,2026-01-14 20:00:00,Wednesday,January
2026-07-06,12,0,Trpeza Balkana,4,Grilovani list,completed,4,2026-07-06 12:00:00,Monday,July
2026-02-25,20,30,Villa Nova,2,Grilovani list,completed,3,2026-02-25 20:30:00,Wednesday,February
2026-04-25,19,30,Villa Nova,4,Rižoto sa plodovima mora,completed,4,2026-04-25 19:30:00,Saturday,April
2026-01-07,20,30,Sonic Restaurant,5,Pileći medaljoni,cancelled,4,2026-01-07 20:30:00,Wednesday,January
2026-01-03,21,30,Rustika,2,Karađorđeva šnicla,completed,5,2026-01-03 21:30:00,Saturday,January
2026-04-21,19,0,Trpeza Balkana,2,Grilovani list,completed,5,2026-04-21 19:00:00,Tuesday,April
2026-05-31,21,0,Zlatna Ribica,1,Grilovani list,confirmed,3,2026-05-31 21:00:00,Sunday,May
2026-04-17,20,0,Zlatna Ribica,2,Rižoto sa plodovima mora,confirmed,5,2026-04-17 20:00:00,Friday,April
2026-01-18,13,30,Stara Srpska Kuća,6,Punjene pečurke,completed,4,2026-01-18 13:30:00,Sunday,January
2026-02-07,20,0,Villa Nova,5,Baklava,completed,4,2026-02-07 20:00:00,Saturday,February
2026-04-25,13,30,Sonic Restaurant,2,Grilovani list,cancelled,5,2026-04-25 13:30:00,Saturday,April
2026-01-15,19,0,Sonic Restaurant,4,Karađorđeva šnicla,confirmed,4,2026-01-15 19:00:00,Thursday,January
2026-07-11,20,30,Trpeza Balkana,2,Rižoto sa plodovima mora,confirmed,5,2026-07-11 20:30:00,Saturday,July
2026-04-29,18,0,Sonic Restaurant,6,Palačinke,completed,5,2026-04-29 18:00:00,Wednesday,April
2026-01-28,13,0,Stara Srpska Kuća,2,Karađorđeva šnicla,cancelled,4,2026-01-28 13:00:00,Wednesday,January
2026-07-21,19,30,Zlatna Ribica,2,Punjene pečurke,cancelled,4,2026-07-21 19:30:00,Tuesday,July
2026-02-08,13,0,Stara Srpska Kuća,3,Pileći medaljoni,confirmed,4,2026-02-08 13:00:00,Sunday,February
2026-07-04,20,30,Trpeza Balkana,2,Karađorđeva šnicla,confirmed,3,2026-07-04 20:30:00,Saturday,July
2026-01-17,13,0,Zlatna Ribica,4,Rižoto sa plodovima mora,confirmed,5,2026-01-17 13:00:00,Saturday,January
2026-03-27,13,0,Zlatna Ribica,1,Grilovani list,confirmed,4,2026-03-27 13:00:00,Friday,March
2026-05-06,19,30,Zlatna Ribica,4,Palačinke,cancelled,3,2026-05-06 19:30:00,Wednesday,May
2026-02-13,19,30,Zlatna Ribica,2,Pileći medaljoni,confirmed,5,2026-02-13 19:30:00,Friday,February
2026-01-25,21,0,Zlatna Ribica,2,Pršuta i sir,confirmed,4,2026-01-25 21:00:00,Sunday,January
2026-05-25,21,0,Trpeza Balkana,2,Pršuta i sir,confirmed,5,2026-05-25 21:00:00,Monday,May
2026-01-13,13,0,Trpeza Balkana,4,Pršuta i sir,confirmed,5,2026-01-13 13:00:00,Tuesday,January
2026-01-25,19,0,Trpeza Balkana,6,Pileći medaljoni,completed,4,2026-01-25 19:00:00,Sunday,January
2026-03-09,21,0,Rustika,2,Karađorđeva šnicla,confirmed,5,2026-03-09 21:00:00,Monday,March
2026-05-18,13,0,Stara Srpska Kuća,4,Rižoto sa plodovima mora,confirmed,4,2026-05-18 13:00:00,Monday,May
2026-03-08,19,30,Sonic Restaurant,6,Karađorđeva šnicla,cancelled,4,2026-03-08 19:30:00,Sunday,March
2026-04-19,21,30,Villa Nova,2,Punjene pečurke,confirmed,5,2026-04-19 21:30:00,Sunday,April
2026-05-26,12,30,Sonic Restaurant,4,Karađorđeva šnicla,completed,5,2026-05-26 12:30:00,Tuesday,May
2026-04-21,20,0,Stara Srpska Kuća,3,Pršuta i sir,confirmed,5,2026-04-21 20:00:00,Tuesday,April
2026-04-21,12,0,Zlatna Ribica,3,Karađorđeva šnicla,completed,4,2026-04-21 12:00:00,Tuesday,April
2026-02-03,21,0,Stara Srpska Kuća,4,Tiramisu,confirmed,4,2026-02-03 21:00:00,Tuesday,February
2026-04-21,19,30,Stara Srpska Kuća,6,Rižoto sa plodovima mora,confirmed,3,2026-04-21 19:30:00,Tuesday,April
2026-01-08,20,30,Villa Nova,2,Rižoto sa plodovima mora,completed,5,2026-01-08 20:30:00,Thursday,January
2026-06-17,12,0,Zlatna Ribica,6,Tiramisu,confirmed,5,2026-06-17 12:00:00,Wednesday,June
2026-04-23,20,0,Sonic Restaurant,6,Rižoto sa plodovima mora,completed,4,2026-04-23 20:00:00,Thursday,April
2026-03-24,19,30,Villa Nova,2,Domaći sok,confirmed,5,2026-03-24 19:30:00,Tuesday,March
2026-02-11,19,30,Villa Nova,2,Karađorđeva šnicla,completed,3,2026-02-11 19:30:00,Wednesday,February
2026-06-18,19,30,Sonic Restaurant,2,Grilovani list,cancelled,3,2026-06-18 19:30:00,Thursday,June
2026-04-11,19,0,Stara Srpska Kuća,6,Punjene pečurke,confirmed,5,2026-04-11 19:00:00,Saturday,April
2026-01-06,20,0,Rustika,2,Palačinke,confirmed,4,2026-01-06 20:00:00,Tuesday,January
2026-06-29,12,0,Trpeza Balkana,4,Grilovani list,cancelled,5,2026-06-29 12:00:00,Monday,June
2026-01-26,12,30,Trpeza Balkana,3,Tiramisu,completed,4,2026-01-26 12:30:00,Monday,January
2026-03-05,21,30,Rustika,3,Pršuta i sir,confirmed,4,2026-03-05 21:30:00,Thursday,March
2026-07-06,19,0,Trpeza Balkana,2,Baklava,completed,5,2026-07-06 19:00:00,Monday,July
2026-07-03,20,0,Sonic Restaurant,4,Rižoto sa plodovima mora,confirmed,4,2026-07-03 20:00:00,Friday,July
2026-02-28,21,30,Trpeza Balkana,3,Karađorđeva šnicla,confirmed,5,2026-02-28 21:30:00,Saturday,February
2026-04-19,20,0,Sonic Restaurant,2,Palačinke,cancelled,4,2026-04-19 20:00:00,Sunday,April
2026-07-17,13,30,Trpeza Balkana,6,Tiramisu,completed,4,2026-07-17 13:30:00,Friday,July
2026-05-01,21,30,Zlatna Ribica,4,Pileći medaljoni,completed,4,2026-05-01 21:30:00,Friday,May
2026-02-02,20,0,Stara Srpska Kuća,2,Karađorđeva šnicla,confirmed,3,2026-02-02 20:00:00,Monday,February
2026-06-30,12,30,Zlatna Ribica,4,Karađorđeva šnicla,confirmed,5,2026-06-30 12:30:00,Tuesday,June
2026-05-30,20,0,Sonic Restaurant,1,Pršuta i sir,completed,4,2026-05-30 20:00:00,Saturday,May
2026-01-21,12,30,Sonic Restaurant,3,Karađorđeva šnicla,confirmed,5,2026-01-21 12:30:00,Wednesday,January
2026-07-17,13,30,Zlatna Ribica,4,Rižoto sa plodovima mora,confirmed,4,2026-07-17 13:30:00,Friday,July
2026-03-11,20,0,Sonic Restaurant,5,Grilovani list,confirmed,4,2026-03-11 20:00:00,Wednesday,March
2026-04-22,13,30,Trpeza Balkana,6,Šopska salata,completed,5,2026-04-22 13:30:00,Wednesday,April
2026-01-04,13,0,Stara Srpska Kuća,2,Karađorđeva šnicla,confirmed,5,2026-01-04 13:00:00,Sunday,January
2026-04-04,20,0,Trpeza Balkana,2,Pileći medaljoni,confirmed,3,2026-04-04 20:00:00,Saturday,April
2026-03-16,12,30,Rustika,2,Pršuta i sir,cancelled,4,2026-03-16 12:30:00,Monday,March
2026-07-09,19,0,Trpeza Balkana,5,Pršuta i sir,completed,3,2026-07-09 19:00:00,Thursday,July
2026-03-03,12,0,Sonic Restaurant,5,Rižoto sa plodovima mora,confirmed,4,2026-03-03 12:00:00,Tuesday,March
2026-04-04,12,0,Villa Nova,2,Grilovani list,completed,4,2026-04-04 12:00:00,Saturday,April
2026-04-05,20,0,Sonic Restaurant,2,Punjene pečurke,confirmed,5,2026-04-05 20:00:00,Sunday,April
2026-06-01,21,0,Stara Srpska Kuća,2,Baklava,confirmed,5,2026-06-01 21:00:00,Monday,June
2026-02-24,13,0,Sonic Restaurant,2,Punjene pečurke,completed,5,2026-02-24 13:00:00,Tuesday,February
2026-05-17,21,30,Stara Srpska Kuća,2,Tiramisu,confirmed,5,2026-05-17 21:30:00,Sunday,May
2026-05-11,12,0,Villa Nova,4,Šopska salata,confirmed,5,2026-05-11 12:00:00,Monday,May
2026-01-31,20,30,Stara Srpska Kuća,3,Šopska salata,completed,4,2026-01-31 20:30:00,Saturday,January
2026-02-09,19,30,Trpeza Balkana,2,Karađorđeva šnicla,cancelled,4,2026-02-09 19:30:00,Monday,February
2026-02-05,18,0,Trpeza Balkana,2,Rižoto sa plodovima mora,completed,4,2026-02-05 18:00:00,Thursday,February
2026-06-01,18,30,Stara Srpska Kuća,6,Pileći medaljoni,confirmed,5,2026-06-01 18:30:00,Monday,June
2026-01-06,12,30,Zlatna Ribica,1,Grilovani list,confirmed,2,2026-01-06 12:30:00,Tuesday,January
2026-03-07,20,0,Stara Srpska Kuća,6,Pileći medaljoni,confirmed,4,2026-03-07 20:00:00,Saturday,March
2026-03-16,21,0,Sonic Restaurant,1,Grilovani list,confirmed,4,2026-03-16 21:00:00,Monday,March
2026-01-04,19,0,Stara Srpska Kuća,4,Punjene pečurke,confirmed,4,2026-01-04 19:00:00,Sunday,January
2026-03-20,20,30,Villa Nova,4,Pileći medaljoni,completed,4,2026-03-20 20:30:00,Friday,March
2026-05-14,20,30,Villa Nova,4,Pileći medaljoni,confirmed,4,2026-05-14 20:30:00,Thursday,May
2026-04-28,20,0,Stara Srpska Kuća,2,Vino kuće,confirmed,4,2026-04-28 20:00:00,Tuesday,April
2026-04-23,18,0,Stara Srpska Kuća,2,Rižoto sa plodovima mora,completed,4,2026-04-23 18:00:00,Thursday,April
2026-04-04,12,30,Trpeza Balkana,1,Rižoto sa plodovima mora,confirmed,5,2026-04-04 12:30:00,Saturday,April
2026-06-28,20,30,Stara Srpska Kuća,2,Grilovani list,cancelled,5,2026-06-28 20:30:00,Sunday,June
2026-03-03,12,30,Rustika,2,Palačinke,confirmed,5,2026-03-03 12:30:00,Tuesday,March
2026-07-04,20,30,Zlatna Ribica,5,Pileći medaljoni,completed,4,2026-07-04 20:30:00,Saturday,July
2026-07-13,18,0,Sonic Restaurant,2,Pršuta i sir,cancelled,4,2026-07-13 18:00:00,Monday,July
2026-03-20,13,30,Rustika,4,Karađorđeva šnicla,completed,4,2026-03-20 13:30:00,Friday,March
2026-07-22,21,30,Sonic Restaurant,4,Pileći medaljoni,confirmed,3,2026-07-22 21:30:00,Wednesday,July
2026-05-16,19,30,Rustika,6,Grilovani list,cancelled,5,2026-05-16 19:30:00,Saturday,May
2026-01-26,19,30,Villa Nova,4,Šopska salata,confirmed,4,2026-01-26 19:30:00,Monday,January
2026-06-28,20,0,Stara Srpska Kuća,1,Baklava,confirmed,5,2026-06-28 20:00:00,Sunday,June
2026-06-22,19,0,Stara Srpska Kuća,5,Šopska salata,confirmed,4,2026-06-22 19:00:00,Monday,June
2026-02-13,21,30,Villa Nova,1,Šopska salata,confirmed,4,2026-02-13 21:30:00,Friday,February
2026-05-13,13,30,Rustika,2,Pileći medaljoni,confirmed,4,2026-05-13 13:30:00,Wednesday,May
2026-03-11,21,0,Stara Srpska Kuća,3,Šopska salata,confirmed,4,2026-03-11 21:00:00,Wednesday,March
2026-06-03,12,0,Rustika,5,Rižoto sa plodovima mora,confirmed,5,2026-06-03 12:00:00,Wednesday,June
2026-04-28,20,30,Sonic Restaurant,6,Punjene pečurke,completed,4,2026-04-28 20:30:00,Tuesday,April
2026-03-09,21,30,Stara Srpska Kuća,4,Grilovani list,confirmed,3,2026-03-09 21:30:00,Monday,March
2026-01-19,13,0,Rustika,6,Karađorđeva šnicla,completed,3,2026-01-19 13:00:00,Monday,January
2026-01-20,21,0,Stara Srpska Kuća,2,Rižoto sa plodovima mora,cancelled,4,2026-01-20 21:00:00,Tuesday,January
2026-04-23,20,0,Villa Nova,3,Pileći medaljoni,confirmed,4,2026-04-23 20:00:00,Thursday,April
2026-05-20,20,0,Stara Srpska Kuća,5,Grilovani list,completed,5,2026-05-20 20:00:00,Wednesday,May
2026-02-16,18,0,Zlatna Ribica,1,Šopska salata,cancelled,4,2026-02-16 18:00:00,Monday,February
2026-01-01,21,0,Stara Srpska Kuća,5,Karađorđeva šnicla,confirmed,4,2026-01-01 21:00:00,Thursday,January
2026-03-31,12,30,Zlatna Ribica,4,Grilovani list,confirmed,4,2026-03-31 12:30:00,Tuesday,March
2026-05-22,20,0,Trpeza Balkana,1,Šopska salata,completed,4,2026-05-22 20:00:00,Friday,May
2026-03-05,19,0,Stara Srpska Kuća,4,Rižoto sa plodovima mora,cancelled,5,2026-03-05 19:00:00,Thursday,March
2026-02-07,21,0,Zlatna Ribica,1,Punjene pečurke,completed,4,2026-02-07 21:00:00,Saturday,February
2026-02-06,20,0,Sonic Restaurant,2,Pršuta i sir,confirmed,3,2026-02-06 20:00:00,Friday,February
2026-05-06,18,30,Stara Srpska Kuća,3,Tiramisu,cancelled,4,2026-05-06 18:30:00,Wednesday,May
2026-05-19,20,30,Rustika,2,Pršuta i sir,confirmed,4,2026-05-19 20:30:00,Tuesday,May
2026-04-10,20,0,Sonic Restaurant,1,Karađorđeva šnicla,confirmed,4,2026-04-10 20:00:00,Friday,April
2026-03-18,21,30,Zlatna Ribica,4,Rižoto sa plodovima mora,confirmed,5,2026-03-18 21:30:00,Wednesday,March
2026-01-03,19,30,Zlatna Ribica,5,Karađorđeva šnicla,confirmed,3,2026-01-03 19:30:00,Saturday,January
2026-06-10,19,30,Zlatna Ribica,5,Tiramisu,completed,5,2026-06-10 19:30:00,Wednesday,June
2026-05-14,12,30,Stara Srpska Kuća,5,Karađorđeva šnicla,cancelled,5,2026-05-14 12:30:00,Thursday,May
2026-06-27,13,30,Sonic Restaurant,4,Rižoto sa plodovima mora,completed,5,2026-06-27 13:30:00,Saturday,June
2026-01-10,12,30,Sonic Restaurant,2,Grilovani list,confirmed,4,2026-01-10 12:30:00,Saturday,January
2026-01-05,12,0,Trpeza Balkana,1,Baklava,completed,3,2026-01-05 12:00:00,Monday,January
2026-05-31,12,0,Rustika,2,Grilovani list,completed,4,2026-05-31 12:00:00,Sunday,May
2026-05-18,13,0,Zlatna Ribica,3,Kafa,confirmed,5,2026-05-18 13:00:00,Monday,May
2026-06-21,12,0,Stara Srpska Kuća,3,Karađorđeva šnicla,cancelled,3,2026-06-21 12:00:00,Sunday,June
2026-05-10,13,0,Stara Srpska Kuća,1,Karađorđeva šnicla,completed,3,2026-05-10 13:00:00,Sunday,May
2026-01-13,12,30,Stara Srpska Kuća,1,Grilovani list,completed,5,2026-01-13 12:30:00,Tuesday,January
2026-06-17,18,0,Stara Srpska Kuća,6,Baklava,confirmed,4,2026-06-17 18:00:00,Wednesday,June
2026-05-10,13,0,Sonic Restaurant,2,Palačinke,completed,5,2026-05-10 13:00:00,Sunday,May
2026-03-25,21,30,Stara Srpska Kuća,4,Karađorđeva šnicla,cancelled,5,2026-03-25 21:30:00,Wednesday,March
2026-03-06,20,30,Stara Srpska Kuća,2,Karađorđeva šnicla,confirmed,4,2026-03-06 20:30:00,Friday,March
2026-03-04,13,0,Stara Srpska Kuća,4,Šopska salata,cancelled,4,2026-03-04 13:00:00,Wednesday,March
2026-04-11,12,30,Stara Srpska Kuća,5,Karađorđeva šnicla,confirmed,4,2026-04-11 12:30:00,Saturday,April
2026-03-14,12,30,Stara Srpska Kuća,3,Karađorđeva šnicla,completed,4,2026-03-14 12:30:00,Saturday,March
2026-01-17,21,30,Stara Srpska Kuća,1,Karađorđeva šnicla,completed,4,2026-01-17 21:30:00,Saturday,January
2026-01-09,20,30,Sonic Restaurant,2,Karađorđeva šnicla,completed,4,2026-01-09 20:30:00,Friday,January
2026-07-22,13,0,Zlatna Ribica,2,Grilovani list,cancelled,3,2026-07-22 13:00:00,Wednesday,July
2026-05-23,20,30,Stara Srpska Kuća,3,Karađorđeva šnicla,confirmed,5,2026-05-23 20:30:00,Saturday,May
2026-06-01,19,0,Sonic Restaurant,4,Rižoto sa plodovima mora,confirmed,4,2026-06-01 19:00:00,Monday,June
2026-02-07,12,0,Sonic Restaurant,2,Baklava,completed,3,2026-02-07 12:00:00,Saturday,February
2026-06-12,20,30,Stara Srpska Kuća,4,Rižoto sa plodovima mora,confirmed,4,2026-06-12 20:30:00,Friday,June
2026-04-04,20,30,Stara Srpska Kuća,2,Šopska salata,confirmed,5,2026-04-04 20:30:00,Saturday,April
2026-04-05,12,30,Sonic Restaurant,1,Karađorđeva šnicla,confirmed,4,2026-04-05 12:30:00,Sunday,April
2026-02-18,13,0,Trpeza Balkana,2,Punjene pečurke,confirmed,4,2026-02-18 13:00:00,Wednesday,February
2026-03-10,21,30,Stara Srpska Kuća,6,Grilovani list,completed,3,2026-03-10 21:30:00,Tuesday,March
2026-03-03,20,30,Stara Srpska Kuća,4,Šopska salata,completed,4,2026-03-03 20:30:00,Tuesday,March
2026-07-07,12,30,Rustika,4,Karađorđeva šnicla,confirmed,5,2026-07-07 12:30:00,Tuesday,July
2026-06-27,13,30,Stara Srpska Kuća,2,Palačinke,confirmed,3,2026-06-27 13:30:00,Saturday,June
2026-03-19,19,30,Stara Srpska Kuća,5,Grilovani list,confirmed,4,2026-03-19 19:30:00,Thursday,March
2026-04-27,20,0,Rustika,3,Rižoto sa plodovima mora,confirmed,5,2026-04-27 20:00:00,Monday,April
2026-04-30,20,30,Rustika,4,Tiramisu,confirmed,4,2026-04-30 20:30:00,Thursday,April
2026-07-22,19,30,Sonic Restaurant,6,Pršuta i sir,confirmed,3,2026-07-22 19:30:00,Wednesday,July
2026-05-17,21,30,Sonic Restaurant,3,Rižoto sa plodovima mora,completed,5,2026-05-17 21:30:00,Sunday,May
2026-06-11,13,0,Stara Srpska Kuća,3,Tiramisu,completed,3,2026-06-11 13:00:00,Thursday,June
2026-03-17,13,30,Stara Srpska Kuća,2,Rižoto sa plodovima mora,confirmed,4,2026-03-17 13:30:00,Tuesday,March
2026-02-04,19,0,Zlatna Ribica,4,Karađorđeva šnicla,completed,4,2026-02-04 19:00:00,Wednesday,February
2026-01-01,21,0,Stara Srpska Kuća,2,Kafa,cancelled,5,2026-01-01 21:00:00,Thursday,January
2026-02-09,18,30,Sonic Restaurant,2,Grilovani list,confirmed,3,2026-02-09 18:30:00,Monday,February
2026-03-05,12,30,Villa Nova,1,Baklava,confirmed,3,2026-03-05 12:30:00,Thursday,March
2026-05-30,19,30,Villa Nova,2,Karađorđeva šnicla,completed,4,2026-05-30 19:30:00,Saturday,May
2026-03-01,13,0,Stara Srpska Kuća,2,Šopska salata,confirmed,4,2026-03-01 13:00:00,Sunday,March
2026-03-05,20,0,Zlatna Ribica,5,Pileći medaljoni,completed,4,2026-03-05 20:00:00,Thursday,March
2026-04-03,12,0,Sonic Restaurant,5,Vino kuće,completed,4,2026-04-03 12:00:00,Friday,April
2026-03-13,12,0,Rustika,2,Pileći medaljoni,confirmed,3,2026-03-13 12:00:00,Friday,March
2026-01-11,20,0,Stara Srpska Kuća,4,Karađorđeva šnicla,completed,4,2026-01-11 20:00:00,Sunday,January
2026-04-15,21,0,Stara Srpska Kuća,3,Pršuta i sir,completed,4,2026-04-15 21:00:00,Wednesday,April
2026-01-14,13,30,Stara Srpska Kuća,2,Karađorđeva šnicla,confirmed,5,2026-01-14 13:30:00,Wednesday,January
2026-03-01,21,30,Sonic Restaurant,3,Baklava,confirmed,5,2026-03-01 21:30:00,Sunday,March
2026-01-30,12,0,Sonic Restaurant,3,Baklava,completed,4,2026-01-30 12:00:00,Friday,January
2026-02-04,19,30,Trpeza Balkana,3,Pileći medaljoni,cancelled,3,2026-02-04 19:30:00,Wednesday,February
2026-06-14,20,30,Trpeza Balkana,2,Šopska salata,completed,5,2026-06-14 20:30:00,Sunday,June
2026-01-05,18,0,Sonic Restaurant,2,Karađorđeva šnicla,cancelled,4,2026-01-05 18:00:00,Monday,January
2026-03-24,18,0,Sonic Restaurant,2,Pileći medaljoni,confirmed,4,2026-03-24 18:00:00,Tuesday,March
2026-05-03,12,30,Stara Srpska Kuća,4,Rižoto sa plodovima mora,confirmed,3,2026-05-03 12:30:00,Sunday,May
2026-03-19,20,0,Rustika,2,Pršuta i sir,confirmed,4,2026-03-19 20:00:00,Thursday,March
2026-06-03,19,0,Villa Nova,2,Karađorđeva šnicla,confirmed,5,2026-06-03 19:00:00,Wednesday,June
2026-03-03,20,30,Villa Nova,2,Šopska salata,cancelled,5,2026-03-03 20:30:00,Tuesday,March
2026-05-12,20,0,Rustika,1,Karađorđeva šnicla,cancelled,4,2026-05-12 20:00:00,Tuesday,May
2026-03-30,19,30,Stara Srpska Kuća,5,Punjene pečurke,cancelled,4,2026-03-30 19:30:00,Monday,March
2026-02-11,21,30,Stara Srpska Kuća,1,Karađorđeva šnicla,completed,4,2026-02-11 21:30:00,Wednesday,February
2026-03-30,18,30,Zlatna Ribica,5,Baklava,confirmed,5,2026-03-30 18:30:00,Monday,March
2026-05-26,19,30,Rustika,4,Karađorđeva šnicla,confirmed,5,2026-05-26 19:30:00,Tuesday,May
2026-02-09,21,30,Stara Srpska Kuća,6,Pileći medaljoni,confirmed,5,2026-02-09 21:30:00,Monday,February
2026-03-13,12,0,Stara Srpska Kuća,5,Grilovani list,completed,5,2026-03-13 12:00:00,Friday,March
2026-02-08,13,0,Rustika,3,Šopska salata,confirmed,4,2026-02-08 13:00:00,Sunday,February
2026-04-14,13,0,Stara Srpska Kuća,5,Rižoto sa plodovima mora,cancelled,4,2026-04-14 13:00:00,Tuesday,April
2026-01-14,19,0,Sonic Restaurant,2,Šopska salata,cancelled,4,2026-01-14 19:00:00,Wednesday,January
2026-02-01,20,30,Trpeza Balkana,4,Grilovani list,confirmed,4,2026-02-01 20:30:00,Sunday,February
2026-06-28,18,30,Stara Srpska Kuća,2,Šopska salata,confirmed,5,2026-06-28 18:30:00,Sunday,June
2026-05-05,19,0,Stara Srpska Kuća,3,Karađorđeva šnicla,completed,3,2026-05-05 19:00:00,Tuesday,May
2026-06-15,20,30,Trpeza Balkana,6,Grilovani list,confirmed,3,2026-06-15 20:30:00,Monday,June
2026-04-07,21,0,Zlatna Ribica,4,Pileći medaljoni,completed,3,2026-04-07 21:00:00,Tuesday,April
2026-01-23,21,0,Villa Nova,2,Karađorđeva šnicla,completed,4,2026-01-23 21:00:00,Friday,January
2026-03-04,12,0,Sonic Restaurant,4,Karađorđeva šnicla,confirmed,5,2026-03-04 12:00:00,Wednesday,March
2026-05-23,13,30,Stara Srpska Kuća,4,Tiramisu,confirmed,3,2026-05-23 13:30:00,Saturday,May
2026-06-02,13,30,Trpeza Balkana,6,Domaći sok,confirmed,3,2026-06-02 13:30:00,Tuesday,June
2026-05-25,21,30,Zlatna Ribica,2,Šopska salata,cancelled,4,2026-05-25 21:30:00,Monday,May
2026-07-13,21,30,Stara Srpska Kuća,2,Grilovani list,confirmed,5,2026-07-13 21:30:00,Monday,July
2026-07-25,20,0,Trpeza Balkana,5,Grilovani list,completed,5,2026-07-25 20:00:00,Saturday,July
2026-02-22,19,30,Stara Srpska Kuća,1,Pršuta i sir,completed,5,2026-02-22 19:30:00,Sunday,February
2026-04-14,20,30,Stara Srpska Kuća,6,Karađorđeva šnicla,completed,5,2026-04-14 20:30:00,Tuesday,April
2026-04-14,21,30,Stara Srpska Kuća,1,Tiramisu,confirmed,5,2026-04-14 21:30:00,Tuesday,April
2026-06-28,20,0,Sonic Restaurant,2,Grilovani list,completed,3,2026-06-28 20:00:00,Sunday,June
2026-02-08,21,0,Sonic Restaurant,5,Kafa,completed,3,2026-02-08 21:00:00,Sunday,February
2026-06-28,20,30,Zlatna Ribica,6,Pileći medaljoni,confirmed,4,2026-06-28 20:30:00,Sunday,June
2026-07-17,19,30,Trpeza Balkana,4,Šopska salata,completed,4,2026-07-17 19:30:00,Friday,July
2026-05-14,13,30,Rustika,2,Karađorđeva šnicla,completed,4,2026-05-14 13:30:00,Thursday,May
2026-03-08,21,30,Stara Srpska Kuća,4,Palačinke,completed,4,2026-03-08 21:30:00,Sunday,March
2026-05-15,12,0,Stara Srpska Kuća,4,Grilovani list,confirmed,5,2026-05-15 12:00:00,Friday,May
2026-06-28,20,30,Stara Srpska Kuća,2,Punjene pečurke,completed,3,2026-06-28 20:30:00,Sunday,June
2026-07-19,19,30,Stara Srpska Kuća,2,Baklava,confirmed,4,2026-07-19 19:30:00,Sunday,July
2026-02-11,12,30,Zlatna Ribica,3,Karađorđeva šnicla,cancelled,4,2026-02-11 12:30:00,Wednesday,February
2026-07-11,20,0,Trpeza Balkana,2,Rižoto sa plodovima mora,cancelled,4,2026-07-11 20:00:00,Saturday,July
2026-01-15,21,0,Trpeza Balkana,2,Pileći medaljoni,confirmed,4,2026-01-15 21:00:00,Thursday,January
2026-04-21,18,30,Stara Srpska Kuća,2,Grilovani list,completed,5,2026-04-21 18:30:00,Tuesday,April
2026-06-06,19,30,Sonic Restaurant,5,Pileći medaljoni,completed,4,2026-06-06 19:30:00,Saturday,June
2026-02-02,13,30,Sonic Restaurant,3,Grilovani list,confirmed,5,2026-02-02 13:30:00,Monday,February
2026-06-04,18,30,Stara Srpska Kuća,3,Rižoto sa plodovima mora,completed,5,2026-06-04 18:30:00,Thursday,June
2026-06-13,20,30,Zlatna Ribica,2,Punjene pečurke,confirmed,4,2026-06-13 20:30:00,Saturday,June
2026-06-06,12,0,Villa Nova,5,Pršuta i sir,completed,5,2026-06-06 12:00:00,Saturday,June
2026-02-07,12,0,Sonic Restaurant,4,Grilovani list,completed,5,2026-02-07 12:00:00,Saturday,February
2026-07-04,13,0,Trpeza Balkana,2,Palačinke,completed,5,2026-07-04 13:00:00,Saturday,July
2026-04-07,13,30,Zlatna Ribica,2,Palačinke,completed,5,2026-04-07 13:30:00,Tuesday,April
2026-06-04,20,0,Stara Srpska Kuća,6,Pileći medaljoni,completed,5,2026-06-04 20:00:00,Thursday,June
2026-07-02,21,0,Zlatna Ribica,4,Rižoto sa plodovima mora,confirmed,4,2026-07-02 21:00:00,Thursday,July
2026-02-02,12,0,Sonic Restaurant,6,Rižoto sa plodovima mora,confirmed,5,2026-02-02 12:00:00,Monday,February
2026-07-15,21,30,Stara Srpska Kuća,4,Punjene pečurke,completed,5,2026-07-15 21:30:00,Wednesday,July
2026-03-27,13,30,Zlatna Ribica,3,Punjene pečurke,cancelled,5,2026-03-27 13:30:00,Friday,March
2026-03-07,21,0,Rustika,1,Karađorđeva šnicla,completed,4,2026-03-07 21:00:00,Saturday,March
2026-01-10,21,30,Sonic Restaurant,4,Punjene pečurke,completed,5,2026-01-10 21:30:00,Saturday,January
2026-01-05,21,0,Sonic Restaurant,4,Grilovani list,completed,5,2026-01-05 21:00:00,Monday,January
2026-05-03,12,0,Rustika,2,Karađorđeva šnicla,confirmed,3,2026-05-03 12:00:00,Sunday,May
2026-03-15,12,0,Rustika,2,Punjene pečurke,completed,3,2026-03-15 12:00:00,Sunday,March
2026-04-07,19,0,Trpeza Balkana,2,Pršuta i sir,confirmed,5,2026-04-07 19:00:00,Tuesday,April
2026-04-28,18,30,Stara Srpska Kuća,2,Rižoto sa plodovima mora,confirmed,4,2026-04-28 18:30:00,Tuesday,April
2026-02-07,20,30,Rustika,4,Pileći medaljoni,completed,5,2026-02-07 20:30:00,Saturday,February
2026-05-21,12,30,Stara Srpska Kuća,2,Tiramisu,completed,4,2026-05-21 12:30:00,Thursday,May
2026-06-08,13,30,Zlatna Ribica,2,Pršuta i sir,completed,5,2026-06-08 13:30:00,Monday,June
2026-02-16,20,0,Stara Srpska Kuća,2,Punjene pečurke,completed,4,2026-02-16 20:00:00,Monday,February
2026-04-19,21,30,Zlatna Ribica,4,Karađorđeva šnicla,completed,4,2026-04-19 21:30:00,Sunday,April
2026-06-29,19,0,Stara Srpska Kuća,2,Karađorđeva šnicla,completed,5,2026-06-29 19:00:00,Monday,June
2026-07-03,12,30,Sonic Restaurant,4,Grilovani list,completed,4,2026-07-03 12:30:00,Friday,July
2026-01-15,13,30,Sonic Restaurant,6,Pileći medaljoni,confirmed,4,2026-01-15 13:30:00,Thursday,January
2026-06-06,12,30,Stara Srpska Kuća,2,Šopska salata,cancelled,3,2026-06-06 12:30:00,Saturday,June
2026-05-16,12,0,Zlatna Ribica,4,Rižoto sa plodovima mora,completed,3,2026-05-16 12:00:00,Saturday,May
2026-01-05,18,0,Rustika,6,Rižoto sa plodovima mora,completed,5,2026-01-05 18:00:00,Monday,January
2026-06-06,20,0,Villa Nova,5,Grilovani list,completed,4,2026-06-06 20:00:00,Saturday,June
2026-02-16,20,0,Stara Srpska Kuća,5,Grilovani list,confirmed,4,2026-02-16 20:00:00,Monday,February
2026-03-09,21,30,Trpeza Balkana,6,Tiramisu,confirmed,4,2026-03-09 21:30:00,Monday,March
2026-03-17,13,0,Trpeza Balkana,3,Pršuta i sir,completed,5,2026-03-17 13:00:00,Tuesday,March
2026-06-22,21,0,Sonic Restaurant,3,Karađorđeva šnicla,completed,5,2026-06-22 21:00:00,Monday,June
2026-05-10,13,30,Stara Srpska Kuća,2,Šopska salata,completed,4,2026-05-10 13:30:00,Sunday,May
2026-06-04,20,30,Trpeza Balkana,3,Šopska salata,completed,5,2026-06-04 20:30:00,Thursday,June
2026-04-05,21,0,Villa Nova,5,Punjene pečurke,confirmed,4,2026-04-05 21:00:00,Sunday,April
2026-04-25,19,30,Zlatna Ribica,3,Karađorđeva šnicla,confirmed,5,2026-04-25 19:30:00,Saturday,April
2026-06-13,21,0,Sonic Restaurant,2,Rižoto sa plodovima mora,completed,3,2026-06-13 21:00:00,Saturday,June
2026-02-05,21,30,Zlatna Ribica,5,Karađorđeva šnicla,confirmed,3,2026-02-05 21:30:00,Thursday,February
2026-01-26,20,0,Stara Srpska Kuća,4,Baklava,completed,5,2026-01-26 20:00:00,Monday,January
2026-02-12,13,0,Trpeza Balkana,4,Punjene pečurke,confirmed,4,2026-02-12 13:00:00,Thursday,February
2026-01-27,12,0,Trpeza Balkana,3,Pileći medaljoni,completed,5,2026-01-27 12:00:00,Tuesday,January
2026-03-10,19,0,Stara Srpska Kuća,3,Rižoto sa plodovima mora,confirmed,3,2026-03-10 19:00:00,Tuesday,March
2026-05-28,21,0,Rustika,2,Karađorđeva šnicla,confirmed,4,2026-05-28 21:00:00,Thursday,May
2026-01-11,18,30,Stara Srpska Kuća,2,Karađorđeva šnicla,completed,3,2026-01-11 18:30:00,Sunday,January
2026-03-15,20,0,Villa Nova,5,Domaći sok,completed,4,2026-03-15 20:00:00,Sunday,March
2026-04-14,18,0,Sonic Restaurant,5,Karađorđeva šnicla,confirmed,4,2026-04-14 18:00:00,Tuesday,April
2026-02-07,20,0,Stara Srpska Kuća,1,Karađorđeva šnicla,cancelled,4,2026-02-07 20:00:00,Saturday,February
2026-05-14,18,0,Sonic Restaurant,2,Domaći sok,confirmed,4,2026-05-14 18:00:00,Thursday,May
2026-07-19,20,0,Sonic Restaurant,3,Pileći medaljoni,confirmed,5,2026-07-19 20:00:00,Sunday,July
2026-01-23,21,30,Stara Srpska Kuća,6,Baklava,confirmed,4,2026-01-23 21:30:00,Friday,January
2026-02-16,18,30,Zlatna Ribica,4,Karađorđeva šnicla,confirmed,4,2026-02-16 18:30:00,Monday,February
2026-03-31,13,0,Zlatna Ribica,3,Pršuta i sir,completed,4,2026-03-31 13:00:00,Tuesday,March
2026-02-15,19,30,Trpeza Balkana,1,Rižoto sa plodovima mora,confirmed,5,2026-02-15 19:30:00,Sunday,February
2026-04-17,19,0,Stara Srpska Kuća,4,Šopska salata,completed,4,2026-04-17 19:00:00,Friday,April
2026-05-20,13,30,Zlatna Ribica,5,Karađorđeva šnicla,confirmed,5,2026-05-20 13:30:00,Wednesday,May
2026-05-21,12,30,Stara Srpska Kuća,4,Rižoto sa plodovima mora,completed,5,2026-05-21 12:30:00,Thursday,May
2026-04-14,21,0,Trpeza Balkana,2,Baklava,confirmed,4,2026-04-14 21:00:00,Tuesday,April
2026-07-09,20,30,Stara Srpska Kuća,3,Pileći medaljoni,confirmed,3,2026-07-09 20:30:00,Thursday,July
2026-07-29,12,30,Rustika,2,Pileći medaljoni,confirmed,4,2026-07-29 12:30:00,Wednesday,July
2026-04-21,21,0,Trpeza Balkana,6,Karađorđeva šnicla,completed,4,2026-04-21 21:00:00,Tuesday,April
2026-04-14,13,0,Zlatna Ribica,1,Karađorđeva šnicla,completed,4,2026-04-14 13:00:00,Tuesday,April
2026-03-01,12,30,Sonic Restaurant,4,Punjene pečurke,completed,5,2026-03-01 12:30:00,Sunday,March
2026-06-20,19,30,Stara Srpska Kuća,2,Punjene pečurke,confirmed,4,2026-06-20 19:30:00,Saturday,June
2026-07-23,13,30,Sonic Restaurant,6,Domaći sok,completed,4,2026-07-23 13:30:00,Thursday,July
2026-04-10,18,0,Rustika,3,Šopska salata,completed,5,2026-04-10 18:00:00,Friday,April
2026-03-09,18,30,Rustika,4,Pileći medaljoni,confirmed,4,2026-03-09 18:30:00,Monday,March
2026-05-13,20,30,Stara Srpska Kuća,6,Baklava,confirmed,5,2026-05-13 20:30:00,Wednesday,May
2026-04-30,12,30,Zlatna Ribica,6,Karađorđeva šnicla,completed,3,2026-04-30 12:30:00,Thursday,April
2026-02-06,12,0,Trpeza Balkana,5,Rižoto sa plodovima mora,completed,3,2026-02-06 12:00:00,Friday,February
2026-03-13,19,0,Zlatna Ribica,6,Grilovani list,confirmed,4,2026-03-13 19:00:00,Friday,March
2026-05-07,18,0,Stara Srpska Kuća,2,Karađorđeva šnicla,completed,4,2026-05-07 18:00:00,Thursday,May
2026-04-16,21,0,Stara Srpska Kuća,4,Šopska salata,completed,4,2026-04-16 21:00:00,Thursday,April
2026-04-02,19,30,Stara Srpska Kuća,3,Pileći medaljoni,completed,4,2026-04-02 19:30:00,Thursday,April
2026-01-31,13,0,Rustika,3,Pileći medaljoni,confirmed,4,2026-01-31 13:00:00,Saturday,January
2026-05-02,13,30,Sonic Restaurant,2,Rižoto sa plodovima mora,completed,3,2026-05-02 13:30:00,Saturday,May
2026-05-17,20,30,Sonic Restaurant,2,Pileći medaljoni,confirmed,4,2026-05-17 20:30:00,Sunday,May
2026-02-20,12,30,Villa Nova,4,Karađorđeva šnicla,confirmed,3,2026-02-20 12:30:00,Friday,February
2026-01-29,13,30,Zlatna Ribica,6,Punjene pečurke,completed,4,2026-01-29 13:30:00,Thursday,January
2026-07-25,20,0,Rustika,1,Rižoto sa plodovima mora,confirmed,3,2026-07-25 20:00:00,Saturday,July
2026-02-09,12,0,Sonic Restaurant,4,Baklava,confirmed,5,2026-02-09 12:00:00,Monday,February
2026-02-10,18,0,Stara Srpska Kuća,4,Karađorđeva šnicla,confirmed,5,2026-02-10 18:00:00,Tuesday,February
2026-01-11,21,0,Villa Nova,2,Karađorđeva šnicla,confirmed,4,2026-01-11 21:00:00,Sunday,January
2026-05-31,18,0,Sonic Restaurant,1,Pršuta i sir,confirmed,3,2026-05-31 18:00:00,Sunday,May
2026-01-01,21,30,Stara Srpska Kuća,2,Baklava,confirmed,5,2026-01-01 21:30:00,Thursday,January
2026-02-15,21,0,Sonic Restaurant,6,Pileći medaljoni,confirmed,5,2026-02-15 21:00:00,Sunday,February
2026-04-11,19,0,Stara Srpska Kuća,2,Šopska salata,confirmed,3,2026-04-11 19:00:00,Saturday,April
2026-05-29,13,0,Sonic Restaurant,2,Kafa,cancelled,4,2026-05-29 13:00:00,Friday,May
2026-03-31,13,0,Rustika,2,Kafa,confirmed,5,2026-03-31 13:00:00,Tuesday,March
2026-04-20,12,30,Villa Nova,2,Šopska salata,confirmed,4,2026-04-20 12:30:00,Monday,April
2026-06-13,21,30,Villa Nova,5,Šopska salata,confirmed,3,2026-06-13 21:30:00,Saturday,June
2026-07-01,20,30,Stara Srpska Kuća,2,Grilovani list,confirmed,3,2026-07-01 20:30:00,Wednesday,July
2026-02-26,13,30,Sonic Restaurant,4,Baklava,cancelled,3,2026-02-26 13:30:00,Thursday,February
2026-01-01,12,30,Stara Srpska Kuća,5,Rižoto sa plodovima mora,completed,3,2026-01-01 12:30:00,Thursday,January
2026-03-04,21,0,Rustika,2,Domaći sok,confirmed,4,2026-03-04 21:00:00,Wednesday,March
2026-07-01,13,30,Sonic Restaurant,2,Karađorđeva šnicla,completed,5,2026-07-01 13:30:00,Wednesday,July
2026-02-24,13,30,Zlatna Ribica,5,Rižoto sa plodovima mora,confirmed,3,2026-02-24 13:30:00,Tuesday,February
2026-04-25,12,30,Trpeza Balkana,2,Pileći medaljoni,cancelled,4,2026-04-25 12:30:00,Saturday,April
2026-06-17,13,0,Sonic Restaurant,4,Rižoto sa plodovima mora,cancelled,3,2026-06-17 13:00:00,Wednesday,June
2026-05-23,21,0,Sonic Restaurant,1,Karađorđeva šnicla,completed,4,2026-05-23 21:00:00,Saturday,May
2026-05-29,12,30,Villa Nova,4,Pršuta i sir,confirmed,4,2026-05-29 12:30:00,Friday,May
2026-06-24,20,0,Villa Nova,6,Šopska salata,confirmed,3,2026-06-24 20:00:00,Wednesday,June
2026-07-20,19,0,Sonic Restaurant,2,Pršuta i sir,confirmed,3,2026-07-20 19:00:00,Monday,July
2026-02-22,20,30,Sonic Restaurant,4,Grilovani list,confirmed,5,2026-02-22 20:30:00,Sunday,February
2026-05-17,20,0,Villa Nova,4,Šopska salata,confirmed,5,2026-05-17 20:00:00,Sunday,May
2026-07-21,20,0,Stara Srpska Kuća,5,Grilovani list,cancelled,4,2026-07-21 20:00:00,Tuesday,July
2026-06-29,13,0,Sonic Restaurant,2,Karađorđeva šnicla,confirmed,5,2026-06-29 13:00:00,Monday,June
2026-02-26,18,30,Stara Srpska Kuća,2,Punjene pečurke,completed,4,2026-02-26 18:30:00,Thursday,February
2026-04-27,19,30,Zlatna Ribica,2,Baklava,completed,4,2026-04-27 19:30:00,Monday,April
2026-06-03,18,30,Stara Srpska Kuća,2,Pileći medaljoni,cancelled,5,2026-06-03 18:30:00,Wednesday,June
2026-06-18,20,0,Sonic Restaurant,6,Pileći medaljoni,confirmed,4,2026-06-18 20:00:00,Thursday,June
2026-02-04,21,30,Stara Srpska Kuća,2,Grilovani list,confirmed,4,2026-02-04 21:30:00,Wednesday,February
2026-03-04,18,0,Zlatna Ribica,4,Pileći medaljoni,completed,4,2026-03-04 18:00:00,Wednesday,March
2026-01-25,12,0,Villa Nova,5,Karađorđeva šnicla,completed,5,2026-01-25 12:00:00,Sunday,January
2026-03-31,18,0,Rustika,5,Tiramisu,cancelled,4,2026-03-31 18:00:00,Tuesday,March
2026-03-16,13,30,Rustika,3,Baklava,completed,4,2026-03-16 13:30:00,Monday,March
2026-02-07,19,30,Zlatna Ribica,3,Punjene pečurke,confirmed,4,2026-02-07 19:30:00,Saturday,February
2026-05-10,13,30,Stara Srpska Kuća,4,Pileći medaljoni,confirmed,5,2026-05-10 13:30:00,Sunday,May
2026-05-15,21,30,Stara Srpska Kuća,4,Baklava,confirmed,5,2026-05-15 21:30:00,Friday,May
2026-07-29,18,0,Villa Nova,4,Pileći medaljoni,completed,5,2026-07-29 18:00:00,Wednesday,July
2026-06-11,12,30,Sonic Restaurant,2,Grilovani list,completed,5,2026-06-11 12:30:00,Thursday,June
2026-04-01,21,0,Stara Srpska Kuća,4,Karađorđeva šnicla,completed,3,2026-04-01 21:00:00,Wednesday,April
2026-01-17,19,30,Trpeza Balkana,4,Pršuta i sir,cancelled,5,2026-01-17 19:30:00,Saturday,January
2026-05-08,21,30,Sonic Restaurant,3,Tiramisu,completed,4,2026-05-08 21:30:00,Friday,May
2026-06-20,19,30,Stara Srpska Kuća,3,Karađorđeva šnicla,confirmed,4,2026-06-20 19:30:00,Saturday,June
2026-07-06,18,0,Villa Nova,2,Karađorđeva šnicla,confirmed,4,2026-07-06 18:00:00,Monday,July
2026-04-18,19,0,Rustika,4,Rižoto sa plodovima mora,completed,4,2026-04-18 19:00:00,Saturday,April
2026-06-28,21,0,Sonic Restaurant,4,Baklava,confirmed,3,2026-06-28 21:00:00,Sunday,June
2026-07-01,19,0,Villa Nova,1,Grilovani list,confirmed,4,2026-07-01 19:00:00,Wednesday,July
2026-06-01,21,0,Zlatna Ribica,2,Grilovani list,confirmed,4,2026-06-01 21:00:00,Monday,June
2026-01-25,18,30,Trpeza Balkana,2,Pršuta i sir,confirmed,4,2026-01-25 18:30:00,Sunday,January
2026-07-18,12,0,Stara Srpska Kuća,2,Pileći medaljoni,confirmed,5,2026-07-18 12:00:00,Saturday,July
2026-06-29,20,0,Stara Srpska Kuća,4,Karađorđeva šnicla,cancelled,3,2026-06-29 20:00:00,Monday,June
2026-07-17,13,0,Zlatna Ribica,2,Karađorđeva šnicla,cancelled,4,2026-07-17 13:00:00,Friday,July
2026-03-29,20,0,Rustika,5,Pršuta i sir,cancelled,5,2026-03-29 20:00:00,Sunday,March
2026-06-10,20,30,Zlatna Ribica,6,Pileći medaljoni,confirmed,4,2026-06-10 20:30:00,Wednesday,June
2026-06-26,21,0,Stara Srpska Kuća,2,Domaći sok,cancelled,5,2026-06-26 21:00:00,Friday,June
2026-01-29,19,30,Stara Srpska Kuća,3,Punjene pečurke,cancelled,3,2026-01-29 19:30:00,Thursday,January
2026-03-04,12,30,Rustika,2,Karađorđeva šnicla,cancelled,5,2026-03-04 12:30:00,Wednesday,March
2026-05-30,13,30,Stara Srpska Kuća,4,Pileći medaljoni,completed,4,2026-05-30 13:30:00,Saturday,May
2026-06-03,13,0,Zlatna Ribica,2,Rižoto sa plodovima mora,completed,3,2026-06-03 13:00:00,Wednesday,June
2026-06-05,20,30,Stara Srpska Kuća,5,Karađorđeva šnicla,confirmed,5,2026-06-05 20:30:00,Friday,June
2026-04-24,21,0,Stara Srpska Kuća,2,Tiramisu,completed,5,2026-04-24 21:00:00,Friday,April
2026-02-18,21,0,Trpeza Balkana,3,Baklava,confirmed,5,2026-02-18 21:00:00,Wednesday,February
2026-07-18,13,0,Trpeza Balkana,1,Grilovani list,confirmed,3,2026-07-18 13:00:00,Saturday,July
2026-03-22,19,0,Sonic Restaurant,4,Grilovani list,cancelled,3,2026-03-22 19:00:00,Sunday,March
2026-03-25,19,0,Stara Srpska Kuća,3,Karađorđeva šnicla,confirmed,5,2026-03-25 19:00:00,Wednesday,March
2026-04-15,20,30,Rustika,5,Grilovani list,confirmed,5,2026-04-15 20:30:00,Wednesday,April
2026-06-26,13,30,Stara Srpska Kuća,6,Pršuta i sir,cancelled,5,2026-06-26 13:30:00,Friday,June
2026-05-28,19,0,Zlatna Ribica,5,Rižoto sa plodovima mora,cancelled,5,2026-05-28 19:00:00,Thursday,May
2026-04-28,21,30,Villa Nova,5,Domaći sok,confirmed,4,2026-04-28 21:30:00,Tuesday,April
2026-03-27,12,0,Stara Srpska Kuća,2,Karađorđeva šnicla,completed,4,2026-03-27 12:00:00,Friday,March
2026-03-04,20,30,Villa Nova,2,Pršuta i sir,confirmed,4,2026-03-04 20:30:00,Wednesday,March
2026-07-08,19,30,Stara Srpska Kuća,2,Baklava,confirmed,5,2026-07-08 19:30:00,Wednesday,July
2026-04-14,21,30,Zlatna Ribica,3,Pileći medaljoni,confirmed,5,2026-04-14 21:30:00,Tuesday,April
2026-02-18,21,30,Sonic Restaurant,6,Karađorđeva šnicla,confirmed,4,2026-02-18 21:30:00,Wednesday,February
2026-03-12,20,30,Villa Nova,6,Grilovani list,confirmed,5,2026-03-12 20:30:00,Thursday,March
2026-01-01,13,0,Stara Srpska Kuća,1,Rižoto sa plodovima mora,confirmed,4,2026-01-01 13:00:00,Thursday,January
2026-05-21,12,0,Sonic Restaurant,5,Domaći sok,cancelled,5,2026-05-21 12:00:00,Thursday,May
2026-06-28,12,30,Villa Nova,1,Palačinke,completed,4,2026-06-28 12:30:00,Sunday,June
2026-05-03,13,0,Zlatna Ribica,2,Tiramisu,completed,5,2026-05-03 13:00:00,Sunday,May
2026-07-03,18,30,Zlatna Ribica,4,Baklava,completed,4,2026-07-03 18:30:00,Friday,July
2026-03-03,21,0,Stara Srpska Kuća,5,Rižoto sa plodovima mora,confirmed,4,2026-03-03 21:00:00,Tuesday,March
2026-02-01,12,30,Trpeza Balkana,1,Palačinke,cancelled,3,2026-02-01 12:30:00,Sunday,February
2026-06-07,21,30,Stara Srpska Kuća,2,Vino kuće,completed,5,2026-06-07 21:30:00,Sunday,June
2026-01-29,13,30,Stara Srpska Kuća,4,Rižoto sa plodovima mora,confirmed,4,2026-01-29 13:30:00,Thursday,January
2026-02-18,13,0,Zlatna Ribica,6,Grilovani list,confirmed,5,2026-02-18 13:00:00,Wednesday,February
2026-06-22,19,0,Sonic Restaurant,5,Pileći medaljoni,completed,3,2026-06-22 19:00:00,Monday,June
2026-01-30,13,30,Villa Nova,5,Karađorđeva šnicla,completed,4,2026-01-30 13:30:00,Friday,January
2026-05-24,20,30,Rustika,6,Karađorđeva šnicla,completed,5,2026-05-24 20:30:00,Sunday,May
2026-06-17,20,0,Trpeza Balkana,2,Tiramisu,confirmed,3,2026-06-17 20:00:00,Wednesday,June
2026-01-19,13,0,Rustika,5,Tiramisu,confirmed,5,2026-01-19 13:00:00,Monday,January
2026-01-18,12,0,Trpeza Balkana,1,Karađorđeva šnicla,completed,2,2026-01-18 12:00:00,Sunday,January
2026-01-01,12,0,Stara Srpska Kuća,5,Rižoto sa plodovima mora,completed,4,2026-01-01 12:00:00,Thursday,January
2026-03-19,12,0,Trpeza Balkana,4,Baklava,confirmed,5,2026-03-19 12:00:00,Thursday,March
2026-04-25,12,30,Stara Srpska Kuća,5,Punjene pečurke,confirmed,4,2026-04-25 12:30:00,Saturday,April
2026-06-24,20,0,Sonic Restaurant,1,Rižoto sa plodovima mora,completed,4,2026-06-24 20:00:00,Wednesday,June
2026-07-13,13,30,Rustika,4,Šopska salata,completed,4,2026-07-13 13:30:00,Monday,July
2026-04-23,19,30,Zlatna Ribica,4,Palačinke,confirmed,4,2026-04-23 19:30:00,Thursday,April
2026-04-24,13,0,Rustika,3,Tiramisu,confirmed,5,2026-04-24 13:00:00,Friday,April
2026-06-15,21,0,Stara Srpska Kuća,3,Rižoto sa plodovima mora,cancelled,4,2026-06-15 21:00:00,Monday,June
2026-06-28,18,30,Zlatna Ribica,4,Karađorđeva šnicla,cancelled,5,2026-06-28 18:30:00,Sunday,June
2026-03-04,19,0,Stara Srpska Kuća,2,Palačinke,confirmed,4,2026-03-04 19:00:00,Wednesday,March
2026-05-12,12,30,Zlatna Ribica,4,Karađorđeva šnicla,confirmed,4,2026-05-12 12:30:00,Tuesday,May
2026-05-09,19,0,Trpeza Balkana,4,Šopska salata,cancelled,3,2026-05-09 19:00:00,Saturday,May
2026-01-08,19,0,Zlatna Ribica,1,Karađorđeva šnicla,confirmed,4,2026-01-08 19:00:00,Thursday,January
2026-06-06,21,0,Stara Srpska Kuća,2,Rižoto sa plodovima mora,completed,2,2026-06-06 21:00:00,Saturday,June
2026-02-24,13,30,Stara Srpska Kuća,2,Rižoto sa plodovima mora,completed,3,2026-02-24 13:30:00,Tuesday,February
2026-04-13,19,0,Stara Srpska Kuća,5,Karađorđeva šnicla,confirmed,3,2026-04-13 19:00:00,Monday,April
2026-05-11,20,30,Zlatna Ribica,4,Tiramisu,completed,5,2026-05-11 20:30:00,Monday,May
2026-02-01,20,0,Villa Nova,1,Karađorđeva šnicla,completed,3,2026-02-01 20:00:00,Sunday,February
2026-01-10,18,30,Stara Srpska Kuća,3,Palačinke,completed,5,2026-01-10 18:30:00,Saturday,January
2026-07-21,21,0,Trpeza Balkana,4,Palačinke,confirmed,3,2026-07-21 21:00:00,Tuesday,July
2026-04-20,12,30,Rustika,4,Grilovani list,cancelled,4,2026-04-20 12:30:00,Monday,April
2026-06-11,20,30,Zlatna Ribica,6,Punjene pečurke,confirmed,4,2026-06-11 20:30:00,Thursday,June
2026-05-04,20,30,Trpeza Balkana,5,Grilovani list,completed,4,2026-05-04 20:30:00,Monday,May
2026-03-28,13,30,Rustika,2,Šopska salata,completed,4,2026-03-28 13:30:00,Saturday,March
2026-02-24,20,30,Stara Srpska Kuća,3,Pršuta i sir,confirmed,3,2026-02-24 20:30:00,Tuesday,February
2026-02-01,20,30,Sonic Restaurant,4,Grilovani list,completed,4,2026-02-01 20:30:00,Sunday,February
2026-06-27,13,0,Stara Srpska Kuća,5,Rižoto sa plodovima mora,cancelled,5,2026-06-27 13:00:00,Saturday,June
2026-05-15,13,30,Villa Nova,3,Punjene pečurke,confirmed,5,2026-05-15 13:30:00,Friday,May
2026-04-03,12,30,Rustika,6,Palačinke,confirmed,4,2026-04-03 12:30:00,Friday,April
2026-01-08,20,30,Trpeza Balkana,2,Karađorđeva šnicla,cancelled,4,2026-01-08 20:30:00,Thursday,January
2026-03-06,20,0,Stara Srpska Kuća,2,Pršuta i sir,confirmed,4,2026-03-06 20:00:00,Friday,March
2026-02-26,12,0,Sonic Restaurant,5,Grilovani list,confirmed,5,2026-02-26 12:00:00,Thursday,February
2026-03-08,20,0,Stara Srpska Kuća,1,Baklava,cancelled,5,2026-03-08 20:00:00,Sunday,March
2026-07-06,19,30,Stara Srpska Kuća,5,Karađorđeva šnicla,cancelled,4,2026-07-06 19:30:00,Monday,July
2026-03-13,19,0,Zlatna Ribica,3,Punjene pečurke,cancelled,4,2026-03-13 19:00:00,Friday,March
2026-02-23,13,0,Villa Nova,1,Karađorđeva šnicla,confirmed,4,2026-02-23 13:00:00,Monday,February
2026-03-08,12,30,Rustika,2,Pršuta i sir,confirmed,5,2026-03-08 12:30:00,Sunday,March
2026-02-20,13,30,Trpeza Balkana,2,Baklava,confirmed,3,2026-02-20 13:30:00,Friday,February
2026-04-07,20,0,Stara Srpska Kuća,2,Šopska salata,completed,3,2026-04-07 20:00:00,Tuesday,April
2026-04-02,18,30,Stara Srpska Kuća,5,Šopska salata,completed,3,2026-04-02 18:30:00,Thursday,April
2026-01-08,12,30,Sonic Restaurant,3,Pileći medaljoni,confirmed,4,2026-01-08 12:30:00,Thursday,January
2026-06-11,18,30,Trpeza Balkana,1,Palačinke,confirmed,5,2026-06-11 18:30:00,Thursday,June
2026-02-04,20,30,Rustika,4,Pršuta i sir,completed,2,2026-02-04 20:30:00,Wednesday,February
2026-04-06,20,0,Sonic Restaurant,1,Palačinke,completed,4,2026-04-06 20:00:00,Monday,April
2026-03-29,18,30,Sonic Restaurant,6,Pileći medaljoni,confirmed,5,2026-03-29 18:30:00,Sunday,March
2026-03-19,21,0,Stara Srpska Kuća,2,Pileći medaljoni,cancelled,4,2026-03-19 21:00:00,Thursday,March
2026-02-01,20,0,Sonic Restaurant,2,Grilovani list,confirmed,3,2026-02-01 20:00:00,Sunday,February
2026-04-30,12,0,Sonic Restaurant,4,Pileći medaljoni,completed,5,2026-04-30 12:00:00,Thursday,April
2026-02-15,13,0,Stara Srpska Kuća,4,Karađorđeva šnicla,completed,4,2026-02-15 13:00:00,Sunday,February
2026-05-24,13,30,Sonic Restaurant,4,Palačinke,completed,4,2026-05-24 13:30:00,Sunday,May
2026-07-15,12,30,Rustika,1,Punjene pečurke,confirmed,4,2026-07-15 12:30:00,Wednesday,July
2026-06-14,20,30,Zlatna Ribica,3,Kafa,confirmed,3,2026-06-14 20:30:00,Sunday,June
2026-07-01,19,0,Stara Srpska Kuća,4,Karađorđeva šnicla,cancelled,4,2026-07-01 19:00:00,Wednesday,July
2026-05-22,20,0,Stara Srpska Kuća,5,Grilovani list,confirmed,5,2026-05-22 20:00:00,Friday,May
2026-02-24,12,0,Sonic Restaurant,1,Palačinke,completed,4,2026-02-24 12:00:00,Tuesday,February
2026-06-25,13,30,Sonic Restaurant,3,Rižoto sa plodovima mora,cancelled,4,2026-06-25 13:30:00,Thursday,June
2026-07-29,19,0,Sonic Restaurant,2,Pileći medaljoni,cancelled,4,2026-07-29 19:00:00,Wednesday,July
2026-01-07,21,30,Zlatna Ribica,2,Palačinke,completed,4,2026-01-07 21:30:00,Wednesday,January
2026-03-15,13,30,Zlatna Ribica,5,Pileći medaljoni,completed,4,2026-03-15 13:30:00,Sunday,March
2026-01-07,20,30,Trpeza Balkana,4,Karađorđeva šnicla,cancelled,4,2026-01-07 20:30:00,Wednesday,January
2026-06-10,13,30,Sonic Restaurant,4,Palačinke,confirmed,5,2026-06-10 13:30:00,Wednesday,June
2026-05-31,21,0,Rustika,3,Karađorđeva šnicla,confirmed,3,2026-05-31 21:00:00,Sunday,May
2026-03-26,12,30,Sonic Restaurant,6,Palačinke,confirmed,4,2026-03-26 12:30:00,Thursday,March
2026-05-27,13,0,Stara Srpska Kuća,3,Karađorđeva šnicla,confirmed,5,2026-05-27 13:00:00,Wednesday,May
2026-04-22,21,30,Zlatna Ribica,2,Punjene pečurke,cancelled,3,2026-04-22 21:30:00,Wednesday,April
2026-05-05,19,0,Zlatna Ribica,2,Karađorđeva šnicla,completed,4,2026-05-05 19:00:00,Tuesday,May
2026-05-27,12,0,Villa Nova,2,Punjene pečurke,cancelled,3,2026-05-27 12:00:00,Wednesday,May
2026-02-05,20,30,Trpeza Balkana,3,Karađorđeva šnicla,completed,5,2026-02-05 20:30:00,Thursday,February
2026-01-29,12,30,Rustika,2,Baklava,completed,4,2026-01-29 12:30:00,Thursday,January
2026-07-07,19,30,Rustika,4,Pileći medaljoni,completed,5,2026-07-07 19:30:00,Tuesday,July
2026-03-23,12,0,Zlatna Ribica,3,Karađorđeva šnicla,confirmed,5,2026-03-23 12:00:00,Monday,March
2026-01-02,20,30,Zlatna Ribica,3,Punjene pečurke,completed,4,2026-01-02 20:30:00,Friday,January
2026-05-09,21,30,Zlatna Ribica,4,Pileći medaljoni,confirmed,5,2026-05-09 21:30:00,Saturday,May
2026-02-16,19,0,Villa Nova,4,Karađorđeva šnicla,completed,3,2026-02-16 19:00:00,Monday,February
2026-07-16,21,30,Trpeza Balkana,5,Karađorđeva šnicla,confirmed,5,2026-07-16 21:30:00,Thursday,July
2026-05-28,12,0,Stara Srpska Kuća,6,Rižoto sa plodovima mora,cancelled,4,2026-05-28 12:00:00,Thursday,May
2026-01-11,12,30,Trpeza Balkana,2,Karađorđeva šnicla,cancelled,4,2026-01-11 12:30:00,Sunday,January
2026-05-10,20,0,Stara Srpska Kuća,3,Karađorđeva šnicla,confirmed,4,2026-05-10 20:00:00,Sunday,May
2026-07-14,20,0,Sonic Restaurant,3,Grilovani list,completed,3,2026-07-14 20:00:00,Tuesday,July
2026-04-29,21,30,Stara Srpska Kuća,5,Pršuta i sir,completed,5,2026-04-29 21:30:00,Wednesday,April
2026-05-20,12,0,Trpeza Balkana,6,Pileći medaljoni,confirmed,3,2026-05-20 12:00:00,Wednesday,May
2026-01-20,19,30,Rustika,4,Karađorđeva šnicla,confirmed,4,2026-01-20 19:30:00,Tuesday,January
2026-01-05,13,30,Sonic Restaurant,3,Domaći sok,completed,4,2026-01-05 13:30:00,Monday,January
2026-02-06,20,0,Stara Srpska Kuća,2,Palačinke,confirmed,5,2026-02-06 20:00:00,Friday,February
2026-06-15,19,30,Sonic Restaurant,1,Grilovani list,completed,4,2026-06-15 19:30:00,Monday,June
2026-05-17,20,0,Trpeza Balkana,6,Karađorđeva šnicla,confirmed,2,2026-05-17 20:00:00,Sunday,May
2026-02-22,19,0,Sonic Restaurant,3,Tiramisu,confirmed,3,2026-02-22 19:00:00,Sunday,February
2026-06-21,21,0,Stara Srpska Kuća,6,Pileći medaljoni,confirmed,3,2026-06-21 21:00:00,Sunday,June
2026-04-09,19,0,Stara Srpska Kuća,2,Grilovani list,confirmed,5,2026-04-09 19:00:00,Thursday,April
2026-03-27,19,0,Sonic Restaurant,3,Pileći medaljoni,confirmed,3,2026-03-27 19:00:00,Friday,March
2026-04-18,18,0,Stara Srpska Kuća,2,Šopska salata,confirmed,4,2026-04-18 18:00:00,Saturday,April
2026-01-24,19,0,Trpeza Balkana,2,Karađorđeva šnicla,completed,5,2026-01-24 19:00:00,Saturday,January
2026-03-22,12,0,Stara Srpska Kuća,1,Šopska salata,cancelled,5,2026-03-22 12:00:00,Sunday,March
2026-07-21,12,30,Trpeza Balkana,5,Šopska salata,confirmed,3,2026-07-21 12:30:00,Tuesday,July
2026-06-07,20,30,Stara Srpska Kuća,2,Pileći medaljoni,completed,5,2026-06-07 20:30:00,Sunday,June
2026-04-30,18,0,Sonic Restaurant,3,Palačinke,confirmed,4,2026-04-30 18:00:00,Thursday,April
2026-02-28,18,30,Sonic Restaurant,4,Karađorđeva šnicla,completed,5,2026-02-28 18:30:00,Saturday,February
2026-05-08,13,30,Trpeza Balkana,5,Pršuta i sir,confirmed,4,2026-05-08 13:30:00,Friday,May
2026-07-28,18,30,Villa Nova,5,Rižoto sa plodovima mora,completed,3,2026-07-28 18:30:00,Tuesday,July
2026-04-24,13,30,Rustika,4,Rižoto sa plodovima mora,completed,3,2026-04-24 13:30:00,Friday,April
2026-04-25,20,30,Zlatna Ribica,2,Grilovani list,confirmed,4,2026-04-25 20:30:00,Saturday,April
2026-07-28,20,30,Sonic Restaurant,4,Rižoto sa plodovima mora,confirmed,5,2026-07-28 20:30:00,Tuesday,July
2026-01-14,19,0,Rustika,2,Karađorđeva šnicla,cancelled,4,2026-01-14 19:00:00,Wednesday,January
2026-01-09,12,30,Trpeza Balkana,4,Grilovani list,confirmed,4,2026-01-09 12:30:00,Friday,January
2026-02-09,19,30,Stara Srpska Kuća,1,Grilovani list,confirmed,3,2026-02-09 19:30:00,Monday,February
2026-07-13,19,30,Rustika,3,Šopska salata,confirmed,4,2026-07-13 19:30:00,Monday,July
2026-01-25,20,30,Sonic Restaurant,2,Karađorđeva šnicla,confirmed,3,2026-01-25 20:30:00,Sunday,January
2026-04-13,20,0,Stara Srpska Kuća,4,Punjene pečurke,completed,5,2026-04-13 20:00:00,Monday,April
2026-07-20,13,0,Sonic Restaurant,6,Grilovani list,completed,4,2026-07-20 13:00:00,Monday,July
2026-01-22,20,0,Stara Srpska Kuća,3,Karađorđeva šnicla,confirmed,4,2026-01-22 20:00:00,Thursday,January
2026-01-04,19,0,Zlatna Ribica,2,Grilovani list,confirmed,4,2026-01-04 19:00:00,Sunday,January
2026-06-03,13,30,Stara Srpska Kuća,6,Grilovani list,completed,5,2026-06-03 13:30:00,Wednesday,June
2026-07-05,13,0,Stara Srpska Kuća,3,Pileći medaljoni,completed,5,2026-07-05 13:00:00,Sunday,July
2026-01-29,12,0,Stara Srpska Kuća,6,Rižoto sa plodovima mora,cancelled,5,2026-01-29 12:00:00,Thursday,January
2026-04-19,12,0,Zlatna Ribica,5,Domaći sok,cancelled,4,2026-04-19 12:00:00,Sunday,April
2026-04-08,21,0,Trpeza Balkana,2,Domaći sok,cancelled,5,2026-04-08 21:00:00,Wednesday,April
2026-02-06,13,30,Sonic Restaurant,4,Rižoto sa plodovima mora,completed,4,2026-02-06 13:30:00,Friday,February
2026-03-16,18,0,Stara Srpska Kuća,3,Baklava,completed,4,2026-03-16 18:00:00,Monday,March
2026-03-11,20,30,Stara Srpska Kuća,2,Karađorđeva šnicla,confirmed,4,2026-03-11 20:30:00,Wednesday,March
2026-05-26,19,0,Rustika,3,Pileći medaljoni,completed,5,2026-05-26 19:00:00,Tuesday,May
2026-05-08,13,30,Sonic Restaurant,3,Šopska salata,confirmed,4,2026-05-08 13:30:00,Friday,May
2026-03-26,21,30,Sonic Restaurant,6,Karađorđeva šnicla,cancelled,4,2026-03-26 21:30:00,Thursday,March
2026-02-11,19,0,Stara Srpska Kuća,6,Karađorđeva šnicla,completed,5,2026-02-11 19:00:00,Wednesday,February
2026-04-10,20,0,Trpeza Balkana,4,Karađorđeva šnicla,completed,5,2026-04-10 20:00:00,Friday,April
2026-02-10,12,0,Zlatna Ribica,2,Rižoto sa plodovima mora,confirmed,4,2026-02-10 12:00:00,Tuesday,February
2026-06-15,21,0,Stara Srpska Kuća,2,Pileći medaljoni,completed,3,2026-06-15 21:00:00,Monday,June
2026-02-03,19,30,Stara Srpska Kuća,2,Rižoto sa plodovima mora,confirmed,5,2026-02-03 19:30:00,Tuesday,February
2026-01-17,12,30,Sonic Restaurant,2,Rižoto sa plodovima mora,confirmed,4,2026-01-17 12:30:00,Saturday,January
2026-06-14,12,0,Rustika,3,Pileći medaljoni,confirmed,5,2026-06-14 12:00:00,Sunday,June
2026-06-02,20,0,Rustika,4,Šopska salata,confirmed,4,2026-06-02 20:00:00,Tuesday,June
2026-05-02,12,30,Zlatna Ribica,3,Karađorđeva šnicla,confirmed,4,2026-05-02 12:30:00,Saturday,May
2026-03-17,21,0,Trpeza Balkana,2,Šopska salata,completed,5,2026-03-17 21:00:00,Tuesday,March
2026-03-28,20,30,Stara Srpska Kuća,3,Punjene pečurke,completed,5,2026-03-28 20:30:00,Saturday,March
2026-04-27,21,0,Zlatna Ribica,6,Šopska salata,confirmed,5,2026-04-27 21:00:00,Monday,April
2026-04-16,12,30,Trpeza Balkana,2,Šopska salata,confirmed,5,2026-04-16 12:30:00,Thursday,April
2026-03-27,20,30,Stara Srpska Kuća,2,Pileći medaljoni,cancelled,5,2026-03-27 20:30:00,Friday,March
2026-01-27,12,30,Rustika,2,Karađorđeva šnicla,completed,5,2026-01-27 12:30:00,Tuesday,January
2026-02-26,20,30,Stara Srpska Kuća,2,Pileći medaljoni,completed,5,2026-02-26 20:30:00,Thursday,February
2026-01-31,20,30,Sonic Restaurant,6,Tiramisu,confirmed,4,2026-01-31 20:30:00,Saturday,January
2026-05-14,12,0,Zlatna Ribica,2,Pršuta i sir,cancelled,5,2026-05-14 12:00:00,Thursday,May
2026-06-17,19,30,Zlatna Ribica,1,Karađorđeva šnicla,confirmed,4,2026-06-17 19:30:00,Wednesday,June
2026-04-08,19,0,Trpeza Balkana,1,Karađorđeva šnicla,confirmed,5,2026-04-08 19:00:00,Wednesday,April
2026-01-12,12,30,Stara Srpska Kuća,4,Kafa,completed,5,2026-01-12 12:30:00,Monday,January
2026-02-22,19,30,Rustika,4,Karađorđeva šnicla,confirmed,4,2026-02-22 19:30:00,Sunday,February
2026-07-18,20,0,Zlatna Ribica,2,Karađorđeva šnicla,completed,5,2026-07-18 20:00:00,Saturday,July
2026-05-18,12,0,Sonic Restaurant,6,Rižoto sa plodovima mora,confirmed,4,2026-05-18 12:00:00,Monday,May
2026-06-22,20,0,Villa Nova,6,Domaći sok,completed,5,2026-06-22 20:00:00,Monday,June
2026-05-25,20,0,Trpeza Balkana,3,Grilovani list,completed,5,2026-05-25 20:00:00,Monday,May
2026-06-03,19,30,Stara Srpska Kuća,2,Rižoto sa plodovima mora,confirmed,4,2026-06-03 19:30:00,Wednesday,June
2026-07-09,18,0,Trpeza Balkana,2,Pršuta i sir,cancelled,4,2026-07-09 18:00:00,Thursday,July
2026-05-02,21,30,Stara Srpska Kuća,2,Karađorđeva šnicla,cancelled,4,2026-05-02 21:30:00,Saturday,May
2026-02-15,20,0,Stara Srpska Kuća,4,Palačinke,confirmed,4,2026-02-15 20:00:00,Sunday,February
2026-03-05,21,0,Sonic Restaurant,2,Pileći medaljoni,cancelled,4,2026-03-05 21:00:00,Thursday,March
2026-05-10,21,30,Villa Nova,5,Pileći medaljoni,confirmed,5,2026-05-10 21:30:00,Sunday,May
2026-02-23,20,30,Stara Srpska Kuća,3,Palačinke,cancelled,2,2026-02-23 20:30:00,Monday,February
2026-04-17,12,0,Trpeza Balkana,1,Tiramisu,confirmed,5,2026-04-17 12:00:00,Friday,April
2026-07-12,21,30,Stara Srpska Kuća,6,Rižoto sa plodovima mora,confirmed,5,2026-07-12 21:30:00,Sunday,July
2026-02-20,13,30,Trpeza Balkana,1,Karađorđeva šnicla,confirmed,5,2026-02-20 13:30:00,Friday,February
2026-06-30,20,30,Zlatna Ribica,4,Baklava,confirmed,3,2026-06-30 20:30:00,Tuesday,June
2026-02-05,21,30,Trpeza Balkana,1,Rižoto sa plodovima mora,confirmed,3,2026-02-05 21:30:00,Thursday,February
2026-04-25,12,30,Stara Srpska Kuća,2,Tiramisu,cancelled,4,2026-04-25 12:30:00,Saturday,April
2026-01-26,21,30,Trpeza Balkana,3,Tiramisu,cancelled,4,2026-01-26 21:30:00,Monday,January
2026-01-29,13,30,Villa Nova,4,Karađorđeva šnicla,confirmed,3,2026-01-29 13:30:00,Thursday,January
2026-05-29,13,30,Trpeza Balkana,5,Tiramisu,confirmed,4,2026-05-29 13:30:00,Friday,May
2026-01-11,12,0,Sonic Restaurant,6,Rižoto sa plodovima mora,completed,4,2026-01-11 12:00:00,Sunday,January
2026-02-09,13,30,Villa Nova,4,Pršuta i sir,confirmed,3,2026-02-09 13:30:00,Monday,February
2026-01-11,13,0,Stara Srpska Kuća,6,Karađorđeva šnicla,confirmed,3,2026-01-11 13:00:00,Sunday,January
2026-06-13,12,30,Trpeza Balkana,5,Palačinke,confirmed,4,2026-06-13 12:30:00,Saturday,June
2026-04-23,19,30,Rustika,6,Pršuta i sir,confirmed,3,2026-04-23 19:30:00,Thursday,April
2026-07-06,20,30,Stara Srpska Kuća,2,Pršuta i sir,confirmed,3,2026-07-06 20:30:00,Monday,July
2026-02-08,21,30,Sonic Restaurant,6,Palačinke,completed,4,2026-02-08 21:30:00,Sunday,February
2026-02-23,13,0,Stara Srpska Kuća,4,Pileći medaljoni,completed,5,2026-02-23 13:00:00,Monday,February
2026-04-08,18,0,Zlatna Ribica,3,Rižoto sa plodovima mora,confirmed,5,2026-04-08 18:00:00,Wednesday,April
2026-02-24,12,30,Zlatna Ribica,3,Palačinke,cancelled,5,2026-02-24 12:30:00,Tuesday,February
2026-04-21,20,0,Sonic Restaurant,1,Šopska salata,completed,3,2026-04-21 20:00:00,Tuesday,April
2026-06-01,19,30,Sonic Restaurant,2,Tiramisu,confirmed,3,2026-06-01 19:30:00,Monday,June
2026-05-30,20,30,Stara Srpska Kuća,2,Tiramisu,confirmed,4,2026-05-30 20:30:00,Saturday,May
2026-03-10,12,0,Sonic Restaurant,5,Rižoto sa plodovima mora,confirmed,5,2026-03-10 12:00:00,Tuesday,March
2026-02-25,21,0,Stara Srpska Kuća,4,Rižoto sa plodovima mora,confirmed,5,2026-02-25 21:00:00,Wednesday,February
2026-02-02,21,30,Rustika,3,Grilovani list,confirmed,3,2026-02-02 21:30:00,Monday,February
2026-02-05,20,30,Stara Srpska Kuća,1,Punjene pečurke,confirmed,5,2026-02-05 20:30:00,Thursday,February
2026-05-28,20,0,Rustika,6,Rižoto sa plodovima mora,confirmed,4,2026-05-28 20:00:00,Thursday,May
2026-03-22,19,30,Zlatna Ribica,2,Šopska salata,completed,5,2026-03-22 19:30:00,Sunday,March
2026-07-09,20,0,Sonic Restaurant,2,Karađorđeva šnicla,completed,4,2026-07-09 20:00:00,Thursday,July
2026-04-19,19,30,Trpeza Balkana,2,Karađorđeva šnicla,confirmed,3,2026-04-19 19:30:00,Sunday,April
2026-07-20,18,30,Zlatna Ribica,2,Karađorđeva šnicla,completed,5,2026-07-20 18:30:00,Monday,July
2026-06-03,18,0,Sonic Restaurant,2,Karađorđeva šnicla,cancelled,5,2026-06-03 18:00:00,Wednesday,June
2026-07-13,21,0,Stara Srpska Kuća,6,Pršuta i sir,completed,3,2026-07-13 21:00:00,Monday,July
2026-03-14,18,0,Sonic Restaurant,4,Karađorđeva šnicla,confirmed,4,2026-03-14 18:00:00,Saturday,March
2026-07-20,12,30,Stara Srpska Kuća,5,Karađorđeva šnicla,confirmed,5,2026-07-20 12:30:00,Monday,July
2026-02-09,20,30,Stara Srpska Kuća,2,Karađorđeva šnicla,cancelled,4,2026-02-09 20:30:00,Monday,February
2026-01-17,21,30,Sonic Restaurant,4,Šopska salata,confirmed,5,2026-01-17 21:30:00,Saturday,January
2026-05-09,21,30,Stara Srpska Kuća,4,Baklava,confirmed,4,2026-05-09 21:30:00,Saturday,May
2026-03-02,12,0,Stara Srpska Kuća,1,Karađorđeva šnicla,completed,5,2026-03-02 12:00:00,Monday,March
2026-06-20,13,30,Stara Srpska Kuća,4,Šopska salata,completed,4,2026-06-20 13:30:00,Saturday,June
2026-04-14,20,30,Stara Srpska Kuća,2,Rižoto sa plodovima mora,completed,2,2026-04-14 20:30:00,Tuesday,April
2026-02-11,20,30,Stara Srpska Kuća,2,Grilovani list,confirmed,4,2026-02-11 20:30:00,Wednesday,February
2026-01-25,18,0,Villa Nova,2,Pršuta i sir,confirmed,5,2026-01-25 18:00:00,Sunday,January
2026-02-08,13,30,Stara Srpska Kuća,5,Karađorđeva šnicla,cancelled,4,2026-02-08 13:30:00,Sunday,February
2026-02-04,13,30,Zlatna Ribica,3,Šopska salata,confirmed,4,2026-02-04 13:30:00,Wednesday,February
2026-05-11,13,0,Stara Srpska Kuća,2,Karađorđeva šnicla,confirmed,3,2026-05-11 13:00:00,Monday,May
2026-04-18,21,30,Villa Nova,6,Tiramisu,confirmed,4,2026-04-18 21:30:00,Saturday,April
2026-06-21,18,30,Stara Srpska Kuća,6,Karađorđeva šnicla,completed,4,2026-06-21 18:30:00,Sunday,June
2026-06-28,20,0,Villa Nova,1,Pršuta i sir,completed,4,2026-06-28 20:00:00,Sunday,June
2026-04-12,12,30,Zlatna Ribica,2,Palačinke,cancelled,5,2026-04-12 12:30:00,Sunday,April
2026-04-08,18,30,Stara Srpska Kuća,5,Karađorđeva šnicla,confirmed,4,2026-04-08 18:30:00,Wednesday,April
2026-01-12,19,30,Rustika,3,Pileći medaljoni,confirmed,5,2026-01-12 19:30:00,Monday,January
2026-01-19,19,0,Zlatna Ribica,4,Rižoto sa plodovima mora,confirmed,4,2026-01-19 19:00:00,Monday,January
2026-04-11,21,30,Stara Srpska Kuća,1,Pršuta i sir,completed,5,2026-04-11 21:30:00,Saturday,April
2026-02-13,20,30,Trpeza Balkana,3,Grilovani list,confirmed,4,2026-02-13 20:30:00,Friday,February
2026-07-06,13,0,Villa Nova,2,Karađorđeva šnicla,confirmed,4,2026-07-06 13:00:00,Monday,July
2026-02-18,12,0,Sonic Restaurant,2,Pršuta i sir,completed,4,2026-02-18 12:00:00,Wednesday,February
2026-07-08,13,30,Sonic Restaurant,2,Rižoto sa plodovima mora,confirmed,3,2026-07-08 13:30:00,Wednesday,July
2026-01-17,21,30,Trpeza Balkana,6,Pršuta i sir,confirmed,4,2026-01-17 21:30:00,Saturday,January
2026-03-15,20,30,Trpeza Balkana,2,Karađorđeva šnicla,completed,5,2026-03-15 20:30:00,Sunday,March
2026-02-26,21,30,Rustika,2,Rižoto sa plodovima mora,confirmed,4,2026-02-26 21:30:00,Thursday,February
2026-02-24,19,0,Trpeza Balkana,4,Pršuta i sir,confirmed,4,2026-02-24 19:00:00,Tuesday,February
2026-02-16,20,30,Stara Srpska Kuća,2,Pršuta i sir,confirmed,4,2026-02-16 20:30:00,Monday,February
2026-01-12,12,0,Villa Nova,2,Rižoto sa plodovima mora,confirmed,5,2026-01-12 12:00:00,Monday,January
2026-03-03,18,0,Stara Srpska Kuća,2,Grilovani list,confirmed,5,2026-03-03 18:00:00,Tuesday,March
2026-03-21,13,30,Stara Srpska Kuća,4,Grilovani list,completed,5,2026-03-21 13:30:00,Saturday,March
2026-03-24,12,30,Zlatna Ribica,2,Karađorđeva šnicla,confirmed,3,2026-03-24 12:30:00,Tuesday,March
2026-01-08,20,0,Zlatna Ribica,3,Rižoto sa plodovima mora,cancelled,4,2026-01-08 20:00:00,Thursday,January
2026-05-29,20,0,Stara Srpska Kuća,2,Karađorđeva šnicla,confirmed,4,2026-05-29 20:00:00,Friday,May
2026-03-22,19,30,Trpeza Balkana,2,Pršuta i sir,confirmed,5,2026-03-22 19:30:00,Sunday,March
2026-04-28,21,0,Sonic Restaurant,5,Pršuta i sir,confirmed,5,2026-04-28 21:00:00,Tuesday,April
2026-07-27,19,30,Sonic Restaurant,2,Rižoto sa plodovima mora,completed,5,2026-07-27 19:30:00,Monday,July
2026-07-17,20,30,Rustika,4,Rižoto sa plodovima mora,confirmed,3,2026-07-17 20:30:00,Friday,July
2026-07-19,19,0,Sonic Restaurant,4,Grilovani list,completed,5,2026-07-19 19:00:00,Sunday,July
2026-01-25,12,0,Stara Srpska Kuća,4,Pileći medaljoni,completed,5,2026-01-25 12:00:00,Sunday,January
2026-07-29,13,30,Stara Srpska Kuća,2,Palačinke,cancelled,3,2026-07-29 13:30:00,Wednesday,July
2026-03-30,19,0,Villa Nova,2,Punjene pečurke,completed,4,2026-03-30 19:00:00,Monday,March
2026-01-12,12,30,Stara Srpska Kuća,2,Šopska salata,confirmed,3,2026-01-12 12:30:00,Monday,January
2026-05-23,20,30,Sonic Restaurant,4,Baklava,completed,4,2026-05-23 20:30:00,Saturday,May
2026-02-28,20,30,Zlatna Ribica,2,Rižoto sa plodovima mora,cancelled,5,2026-02-28 20:30:00,Saturday,February
2026-06-03,20,0,Sonic Restaurant,2,Karađorđeva šnicla,cancelled,5,2026-06-03 20:00:00,Wednesday,June
2026-04-19,19,30,Stara Srpska Kuća,4,Pršuta i sir,confirmed,3,2026-04-19 19:30:00,Sunday,April
2026-01-26,13,30,Zlatna Ribica,4,Karađorđeva šnicla,completed,4,2026-01-26 13:30:00,Monday,January
2026-02-16,12,30,Sonic Restaurant,2,Pršuta i sir,confirmed,3,2026-02-16 12:30:00,Monday,February
2026-02-01,13,30,Villa Nova,1,Šopska salata,confirmed,5,2026-02-01 13:30:00,Sunday,February
2026-01-10,21,30,Stara Srpska Kuća,2,Šopska salata,completed,3,2026-01-10 21:30:00,Saturday,January
2026-01-16,19,30,Sonic Restaurant,3,Grilovani list,cancelled,4,2026-01-16 19:30:00,Friday,January
2026-07-18,21,30,Sonic Restaurant,4,Pileći medaljoni,completed,3,2026-07-18 21:30:00,Saturday,July
2026-05-25,21,30,Sonic Restaurant,2,Pršuta i sir,cancelled,4,2026-05-25 21:30:00,Monday,May
2026-05-31,18,30,Trpeza Balkana,1,Baklava,confirmed,5,2026-05-31 18:30:00,Sunday,May
2026-01-26,21,30,Stara Srpska Kuća,4,Šopska salata,confirmed,4,2026-01-26 21:30:00,Monday,January
2026-03-27,20,30,Stara Srpska Kuća,2,Vino kuće,completed,4,2026-03-27 20:30:00,Friday,March
2026-05-15,19,0,Trpeza Balkana,2,Karađorđeva šnicla,confirmed,3,2026-05-15 19:00:00,Friday,May
2026-01-14,19,30,Zlatna Ribica,2,Rižoto sa plodovima mora,cancelled,4,2026-01-14 19:30:00,Wednesday,January
2026-03-20,12,30,Sonic Restaurant,4,Grilovani list,confirmed,3,2026-03-20 12:30:00,Friday,March
2026-04-27,13,30,Stara Srpska Kuća,4,Karađorđeva šnicla,confirmed,5,2026-04-27 13:30:00,Monday,April
2026-01-07,18,0,Stara Srpska Kuća,4,Palačinke,completed,4,2026-01-07 18:00:00,Wednesday,January
2026-05-17,21,30,Stara Srpska Kuća,3,Kafa,confirmed,4,2026-05-17 21:30:00,Sunday,May
2026-04-25,21,0,Stara Srpska Kuća,4,Karađorđeva šnicla,cancelled,4,2026-04-25 21:00:00,Saturday,April
2026-06-25,13,30,Zlatna Ribica,2,Karađorđeva šnicla,completed,3,2026-06-25 13:30:00,Thursday,June
2026-03-13,20,30,Rustika,1,Grilovani list,confirmed,4,2026-03-13 20:30:00,Friday,March
2026-02-28,12,0,Sonic Restaurant,5,Baklava,completed,4,2026-02-28 12:00:00,Saturday,February
2026-03-23,19,30,Sonic Restaurant,1,Grilovani list,confirmed,4,2026-03-23 19:30:00,Monday,March
2026-04-26,19,0,Stara Srpska Kuća,2,Karađorđeva šnicla,completed,5,2026-04-26 19:00:00,Sunday,April
2026-06-16,20,0,Sonic Restaurant,4,Karađorđeva šnicla,confirmed,5,2026-06-16 20:00:00,Tuesday,June
2026-05-26,18,30,Stara Srpska Kuća,1,Rižoto sa plodovima mora,confirmed,4,2026-05-26 18:30:00,Tuesday,May
2026-07-06,21,30,Rustika,2,Tiramisu,cancelled,3,2026-07-06 21:30:00,Monday,July
2026-04-13,18,30,Trpeza Balkana,4,Grilovani list,cancelled,4,2026-04-13 18:30:00,Monday,April
2026-01-17,20,30,Villa Nova,5,Rižoto sa plodovima mora,confirmed,5,2026-01-17 20:30:00,Saturday,January
2026-01-14,18,0,Rustika,2,Karađorđeva šnicla,completed,4,2026-01-14 18:00:00,Wednesday,January
2026-06-08,19,0,Sonic Restaurant,2,Pileći medaljoni,cancelled,5,2026-06-08 19:00:00,Monday,June
2026-06-01,20,30,Zlatna Ribica,1,Punjene pečurke,confirmed,4,2026-06-01 20:30:00,Monday,June
2026-04-18,12,0,Stara Srpska Kuća,6,Grilovani list,confirmed,4,2026-04-18 12:00:00,Saturday,April
2026-07-07,19,0,Sonic Restaurant,4,Grilovani list,completed,5,2026-07-07 19:00:00,Tuesday,July
2026-02-14,12,30,Rustika,4,Baklava,confirmed,3,2026-02-14 12:30:00,Saturday,February
2026-04-08,13,0,Stara Srpska Kuća,6,Karađorđeva šnicla,confirmed,5,2026-04-08 13:00:00,Wednesday,April
2026-05-11,20,0,Rustika,1,Pršuta i sir,cancelled,5,2026-05-11 20:00:00,Monday,May
2026-02-06,13,30,Sonic Restaurant,4,Rižoto sa plodovima mora,confirmed,5,2026-02-06 13:30:00,Friday,February
2026-06-20,20,0,Rustika,3,Grilovani list,completed,4,2026-06-20 20:00:00,Saturday,June
2026-06-17,13,30,Villa Nova,4,Punjene pečurke,completed,5,2026-06-17 13:30:00,Wednesday,June
2026-07-02,19,0,Trpeza Balkana,5,Baklava,completed,4,2026-07-02 19:00:00,Thursday,July
2026-04-18,12,30,Trpeza Balkana,3,Pileći medaljoni,completed,4,2026-04-18 12:30:00,Saturday,April
2026-02-08,21,0,Sonic Restaurant,2,Karađorđeva šnicla,confirmed,4,2026-02-08 21:00:00,Sunday,February
2026-01-15,19,0,Rustika,2,Pileći medaljoni,confirmed,4,2026-01-15 19:00:00,Thursday,January
2026-04-30,13,30,Villa Nova,3,Pileći medaljoni,confirmed,4,2026-04-30 13:30:00,Thursday,April
2026-01-04,20,30,Trpeza Balkana,2,Pileći medaljoni,completed,4,2026-01-04 20:30:00,Sunday,January
2026-04-03,21,30,Zlatna Ribica,2,Punjene pečurke,confirmed,4,2026-04-03 21:30:00,Friday,April
2026-06-02,20,30,Zlatna Ribica,5,Karađorđeva šnicla,confirmed,4,2026-06-02 20:30:00,Tuesday,June
2026-05-21,13,0,Rustika,4,Pileći medaljoni,cancelled,5,2026-05-21 13:00:00,Thursday,May
2026-07-29,20,0,Zlatna Ribica,1,Pršuta i sir,cancelled,4,2026-07-29 20:00:00,Wednesday,July
2026-06-10,21,0,Rustika,3,Rižoto sa plodovima mora,confirmed,5,2026-06-10 21:00:00,Wednesday,June
2026-01-16,20,30,Zlatna Ribica,6,Punjene pečurke,confirmed,4,2026-01-16 20:30:00,Friday,January
2026-06-19,19,0,Stara Srpska Kuća,2,Grilovani list,completed,5,2026-06-19 19:00:00,Friday,June
2026-04-18,12,0,Sonic Restaurant,1,Grilovani list,completed,3,2026-04-18 12:00:00,Saturday,April
2026-05-06,13,30,Sonic Restaurant,5,Domaći sok,confirmed,5,2026-05-06 13:30:00,Wednesday,May
2026-07-13,19,30,Stara Srpska Kuća,3,Rižoto sa plodovima mora,confirmed,4,2026-07-13 19:30:00,Monday,July
2026-02-24,21,0,Stara Srpska Kuća,2,Rižoto sa plodovima mora,cancelled,4,2026-02-24 21:00:00,Tuesday,February
2026-06-19,12,30,Zlatna Ribica,1,Pršuta i sir,cancelled,4,2026-06-19 12:30:00,Friday,June
2026-02-03,20,0,Stara Srpska Kuća,2,Domaći sok,completed,4,2026-02-03 20:00:00,Tuesday,February
2026-06-07,21,0,Sonic Restaurant,6,Vino kuće,confirmed,4,2026-06-07 21:00:00,Sunday,June
2026-01-13,20,30,Trpeza Balkana,1,Pršuta i sir,confirmed,5,2026-01-13 20:30:00,Tuesday,January
2026-05-21,21,0,Villa Nova,2,Karađorđeva šnicla,completed,4,2026-05-21 21:00:00,Thursday,May
2026-01-18,21,30,Trpeza Balkana,5,Palačinke,confirmed,4,2026-01-18 21:30:00,Sunday,January
2026-06-09,19,30,Villa Nova,5,Pršuta i sir,confirmed,3,2026-06-09 19:30:00,Tuesday,June
2026-04-06,18,0,Trpeza Balkana,5,Rižoto sa plodovima mora,confirmed,5,2026-04-06 18:00:00,Monday,April
2026-05-03,20,0,Sonic Restaurant,5,Baklava,confirmed,5,2026-05-03 20:00:00,Sunday,May
2026-02-08,21,0,Trpeza Balkana,2,Rižoto sa plodovima mora,confirmed,5,2026-02-08 21:00:00,Sunday,February
2026-02-15,20,30,Trpeza Balkana,5,Karađorđeva šnicla,completed,4,2026-02-15 20:30:00,Sunday,February
2026-01-29,12,0,Sonic Restaurant,6,Baklava,completed,4,2026-01-29 12:00:00,Thursday,January
2026-07-09,18,30,Stara Srpska Kuća,4,Pileći medaljoni,cancelled,4,2026-07-09 18:30:00,Thursday,July
2026-03-03,19,30,Trpeza Balkana,2,Rižoto sa plodovima mora,cancelled,4,2026-03-03 19:30:00,Tuesday,March
2026-07-04,19,0,Stara Srpska Kuća,6,Grilovani list,confirmed,4,2026-07-04 19:00:00,Saturday,July
2026-01-16,18,30,Zlatna Ribica,5,Pršuta i sir,confirmed,5,2026-01-16 18:30:00,Friday,January
2026-07-03,20,0,Stara Srpska Kuća,3,Karađorđeva šnicla,confirmed,4,2026-07-03 20:00:00,Friday,July
2026-05-01,12,0,Zlatna Ribica,2,Rižoto sa plodovima mora,confirmed,4,2026-05-01 12:00:00,Friday,May
2026-01-10,19,0,Zlatna Ribica,4,Pršuta i sir,cancelled,4,2026-01-10 19:00:00,Saturday,January
2026-06-07,20,0,Stara Srpska Kuća,2,Palačinke,confirmed,4,2026-06-07 20:00:00,Sunday,June
2026-06-02,19,0,Sonic Restaurant,2,Pileći medaljoni,confirmed,5,2026-06-02 19:00:00,Tuesday,June
2026-04-13,13,0,Zlatna Ribica,6,Šopska salata,completed,4,2026-04-13 13:00:00,Monday,April
2026-03-25,20,0,Rustika,2,Šopska salata,completed,4,2026-03-25 20:00:00,Wednesday,March
2026-05-13,21,30,Rustika,2,Punjene pečurke,completed,5,2026-05-13 21:30:00,Wednesday,May
2026-03-06,21,0,Sonic Restaurant,2,Grilovani list,confirmed,3,2026-03-06 21:00:00,Friday,March
2026-06-26,18,30,Trpeza Balkana,3,Palačinke,confirmed,4,2026-06-26 18:30:00,Friday,June
2026-01-03,13,30,Sonic Restaurant,2,Rižoto sa plodovima mora,confirmed,5,2026-01-03 13:30:00,Saturday,January
2026-06-22,19,30,Sonic Restaurant,6,Karađorđeva šnicla,cancelled,4,2026-06-22 19:30:00,Monday,June
2026-05-22,13,0,Stara Srpska Kuća,2,Grilovani list,confirmed,3,2026-05-22 13:00:00,Friday,May
2026-04-30,13,30,Zlatna Ribica,2,Šopska salata,confirmed,5,2026-04-30 13:30:00,Thursday,April
2026-06-07,20,30,Sonic Restaurant,3,Karađorđeva šnicla,confirmed,4,2026-06-07 20:30:00,Sunday,June
2026-03-09,21,0,Stara Srpska Kuća,4,Karađorđeva šnicla,confirmed,5,2026-03-09 21:00:00,Monday,March
2026-05-26,20,0,Trpeza Balkana,1,Punjene pečurke,completed,5,2026-05-26 20:00:00,Tuesday,May
2026-07-09,12,30,Trpeza Balkana,4,Palačinke,completed,3,2026-07-09 12:30:00,Thursday,July
2026-02-06,19,0,Sonic Restaurant,2,Pršuta i sir,completed,3,2026-02-06 19:00:00,Friday,February
2026-06-02,20,0,Stara Srpska Kuća,2,Grilovani list,completed,5,2026-06-02 20:00:00,Tuesday,June
2026-06-25,20,0,Sonic Restaurant,4,Karađorđeva šnicla,confirmed,4,2026-06-25 20:00:00,Thursday,June
2026-07-12,20,0,Sonic Restaurant,5,Pršuta i sir,confirmed,4,2026-07-12 20:00:00,Sunday,July
2026-06-30,19,30,Trpeza Balkana,6,Karađorđeva šnicla,confirmed,4,2026-06-30 19:30:00,Tuesday,June
2026-07-26,21,0,Sonic Restaurant,4,Pršuta i sir,confirmed,5,2026-07-26 21:00:00,Sunday,July
2026-03-14,13,0,Trpeza Balkana,4,Grilovani list,confirmed,4,2026-03-14 13:00:00,Saturday,March
2026-05-23,20,0,Rustika,3,Palačinke,confirmed,3,2026-05-23 20:00:00,Saturday,May
2026-02-18,13,30,Stara Srpska Kuća,6,Pileći medaljoni,completed,5,2026-02-18 13:30:00,Wednesday,February
2026-05-01,20,30,Villa Nova,2,Grilovani list,completed,5,2026-05-01 20:30:00,Friday,May
2026-03-29,12,0,Sonic Restaurant,4,Baklava,completed,5,2026-03-29 12:00:00,Sunday,March
2026-07-15,12,0,Stara Srpska Kuća,3,Grilovani list,completed,5,2026-07-15 12:00:00,Wednesday,July
2026-05-20,21,30,Sonic Restaurant,1,Grilovani list,confirmed,5,2026-05-20 21:30:00,Wednesday,May
2026-07-06,21,0,Stara Srpska Kuća,3,Baklava,confirmed,4,2026-07-06 21:00:00,Monday,July
2026-02-06,19,0,Stara Srpska Kuća,3,Grilovani list,confirmed,4,2026-02-06 19:00:00,Friday,February
2026-03-02,21,30,Sonic Restaurant,6,Rižoto sa plodovima mora,confirmed,5,2026-03-02 21:30:00,Monday,March
2026-06-20,20,0,Trpeza Balkana,1,Rižoto sa plodovima mora,confirmed,3,2026-06-20 20:00:00,Saturday,June
2026-05-04,13,0,Rustika,3,Karađorđeva šnicla,confirmed,4,2026-05-04 13:00:00,Monday,May
2026-07-17,20,30,Trpeza Balkana,4,Karađorđeva šnicla,confirmed,3,2026-07-17 20:30:00,Friday,July
2026-02-08,20,30,Stara Srpska Kuća,4,Šopska salata,completed,4,2026-02-08 20:30:00,Sunday,February
2026-07-03,20,0,Trpeza Balkana,4,Pršuta i sir,completed,5,2026-07-03 20:00:00,Friday,July
2026-03-04,19,30,Zlatna Ribica,4,Grilovani list,completed,4,2026-03-04 19:30:00,Wednesday,March
2026-02-15,18,0,Rustika,4,Grilovani list,confirmed,4,2026-02-15 18:00:00,Sunday,February
2026-03-29,20,0,Rustika,3,Tiramisu,confirmed,4,2026-03-29 20:00:00,Sunday,March
2026-01-11,13,0,Rustika,3,Vino kuće,completed,5,2026-01-11 13:00:00,Sunday,January
2026-03-03,12,30,Sonic Restaurant,6,Pileći medaljoni,confirmed,5,2026-03-03 12:30:00,Tuesday,March
2026-03-18,21,30,Trpeza Balkana,5,Baklava,completed,3,2026-03-18 21:30:00,Wednesday,March
2026-06-02,21,0,Stara Srpska Kuća,2,Šopska salata,completed,4,2026-06-02 21:00:00,Tuesday,June
2026-07-18,19,0,Villa Nova,2,Grilovani list,confirmed,4,2026-07-18 19:00:00,Saturday,July
2026-02-21,20,30,Stara Srpska Kuća,3,Karađorđeva šnicla,confirmed,5,2026-02-21 20:30:00,Saturday,February
2026-01-04,12,30,Stara Srpska Kuća,2,Karađorđeva šnicla,confirmed,4,2026-01-04 12:30:00,Sunday,January
2026-02-28,21,30,Stara Srpska Kuća,5,Baklava,confirmed,5,2026-02-28 21:30:00,Saturday,February
2026-03-13,20,0,Trpeza Balkana,4,Šopska salata,completed,4,2026-03-13 20:00:00,Friday,March
2026-05-28,21,30,Sonic Restaurant,3,Punjene pečurke,confirmed,4,2026-05-28 21:30:00,Thursday,May
2026-04-03,19,30,Sonic Restaurant,2,Karađorđeva šnicla,confirmed,3,2026-04-03 19:30:00,Friday,April
2026-03-04,20,0,Villa Nova,3,Pršuta i sir,cancelled,4,2026-03-04 20:00:00,Wednesday,March
2026-02-23,20,0,Rustika,2,Šopska salata,confirmed,4,2026-02-23 20:00:00,Monday,February
2026-04-27,20,0,Sonic Restaurant,3,Palačinke,confirmed,4,2026-04-27 20:00:00,Monday,April
2026-04-20,20,30,Stara Srpska Kuća,1,Karađorđeva šnicla,confirmed,5,2026-04-20 20:30:00,Monday,April
2026-03-15,20,0,Rustika,4,Punjene pečurke,completed,3,2026-03-15 20:00:00,Sunday,March
2026-04-17,21,0,Rustika,2,Karađorđeva šnicla,completed,3,2026-04-17 21:00:00,Friday,April
2026-02-26,13,0,Zlatna Ribica,2,Punjene pečurke,confirmed,4,2026-02-26 13:00:00,Thursday,February
2026-06-18,21,0,Zlatna Ribica,5,Pršuta i sir,cancelled,3,2026-06-18 21:00:00,Thursday,June
2026-01-03,18,30,Stara Srpska Kuća,2,Karađorđeva šnicla,completed,3,2026-01-03 18:30:00,Saturday,January
2026-04-30,20,0,Rustika,2,Šopska salata,confirmed,4,2026-04-30 20:00:00,Thursday,April
2026-01-06,20,30,Zlatna Ribica,2,Karađorđeva šnicla,completed,4,2026-01-06 20:30:00,Tuesday,January
2026-01-05,13,30,Zlatna Ribica,1,Baklava,confirmed,5,2026-01-05 13:30:00,Monday,January
2026-01-05,21,30,Stara Srpska Kuća,2,Grilovani list,completed,5,2026-01-05 21:30:00,Monday,January
2026-02-23,21,0,Rustika,5,Punjene pečurke,confirmed,5,2026-02-23 21:00:00,Monday,February
2026-02-16,21,30,Zlatna Ribica,4,Tiramisu,completed,5,2026-02-16 21:30:00,Monday,February
2026-06-26,12,0,Stara Srpska Kuća,4,Rižoto sa plodovima mora,confirmed,5,2026-06-26 12:00:00,Friday,June
2026-01-09,12,0,Zlatna Ribica,2,Pileći medaljoni,completed,4,2026-01-09 12:00:00,Friday,January
2026-04-09,13,0,Trpeza Balkana,4,Pileći medaljoni,confirmed,5,2026-04-09 13:00:00,Thursday,April
2026-01-20,19,30,Zlatna Ribica,5,Karađorđeva šnicla,completed,5,2026-01-20 19:30:00,Tuesday,January
2026-05-02,20,0,Trpeza Balkana,5,Pršuta i sir,confirmed,4,2026-05-02 20:00:00,Saturday,May
2026-03-02,19,0,Zlatna Ribica,2,Šopska salata,cancelled,4,2026-03-02 19:00:00,Monday,March
2026-05-03,21,0,Villa Nova,4,Palačinke,completed,5,2026-05-03 21:00:00,Sunday,May
2026-06-12,20,30,Stara Srpska Kuća,3,Baklava,confirmed,5,2026-06-12 20:30:00,Friday,June
2026-06-27,20,30,Stara Srpska Kuća,6,Pileći medaljoni,cancelled,4,2026-06-27 20:30:00,Saturday,June
2026-03-23,12,30,Stara Srpska Kuća,5,Šopska salata,confirmed,5,2026-03-23 12:30:00,Monday,March
2026-03-03,20,0,Trpeza Balkana,2,Baklava,completed,4,2026-03-03 20:00:00,Tuesday,March
2026-05-25,12,30,Zlatna Ribica,4,Pileći medaljoni,completed,4,2026-05-25 12:30:00,Monday,May
2026-01-03,12,0,Rustika,4,Karađorđeva šnicla,confirmed,4,2026-01-03 12:00:00,Saturday,January
2026-06-09,18,0,Trpeza Balkana,1,Rižoto sa plodovima mora,cancelled,5,2026-06-09 18:00:00,Tuesday,June
2026-01-13,13,30,Zlatna Ribica,1,Baklava,confirmed,5,2026-01-13 13:30:00,Tuesday,January
2026-04-30,13,0,Villa Nova,2,Pršuta i sir,confirmed,3,2026-04-30 13:00:00,Thursday,April
2026-05-05,20,30,Stara Srpska Kuća,3,Šopska salata,cancelled,4,2026-05-05 20:30:00,Tuesday,May
2026-03-30,21,0,Rustika,2,Karađorđeva šnicla,completed,5,2026-03-30 21:00:00,Monday,March
2026-03-14,20,30,Sonic Restaurant,4,Domaći sok,confirmed,3,2026-03-14 20:30:00,Saturday,March
2026-03-09,19,0,Zlatna Ribica,2,Rižoto sa plodovima mora,confirmed,5,2026-03-09 19:00:00,Monday,March
2026-05-22,12,0,Trpeza Balkana,4,Punjene pečurke,completed,3,2026-05-22 12:00:00,Friday,May
2026-04-11,12,0,Zlatna Ribica,5,Karađorđeva šnicla,confirmed,5,2026-04-11 12:00:00,Saturday,April
2026-04-08,19,0,Stara Srpska Kuća,4,Karađorđeva šnicla,cancelled,4,2026-04-08 19:00:00,Wednesday,April
2026-01-11,21,0,Sonic Restaurant,4,Šopska salata,completed,5,2026-01-11 21:00:00,Sunday,January
2026-04-15,12,30,Zlatna Ribica,5,Domaći sok,confirmed,5,2026-04-15 12:30:00,Wednesday,April
2026-07-03,20,0,Rustika,5,Rižoto sa plodovima mora,confirmed,2,2026-07-03 20:00:00,Friday,July
2026-03-08,18,30,Sonic Restaurant,4,Karađorđeva šnicla,confirmed,4,2026-03-08 18:30:00,Sunday,March
2026-05-03,18,30,Rustika,4,Rižoto sa plodovima mora,confirmed,5,2026-05-03 18:30:00,Sunday,May
2026-01-29,19,30,Sonic Restaurant,4,Karađorđeva šnicla,completed,4,2026-01-29 19:30:00,Thursday,January
2026-05-17,19,0,Zlatna Ribica,4,Karađorđeva šnicla,cancelled,4,2026-05-17 19:00:00,Sunday,May
2026-07-14,19,0,Trpeza Balkana,5,Šopska salata,completed,4,2026-07-14 19:00:00,Tuesday,July
2026-06-02,12,0,Zlatna Ribica,1,Tiramisu,confirmed,5,2026-06-02 12:00:00,Tuesday,June
2026-03-17,20,30,Villa Nova,3,Karađorđeva šnicla,confirmed,3,2026-03-17 20:30:00,Tuesday,March
2026-06-19,13,0,Trpeza Balkana,2,Pileći medaljoni,completed,4,2026-06-19 13:00:00,Friday,June
2026-01-09,19,0,Zlatna Ribica,5,Grilovani list,completed,5,2026-01-09 19:00:00,Friday,January
2026-07-26,20,30,Stara Srpska Kuća,4,Karađorđeva šnicla,completed,4,2026-07-26 20:30:00,Sunday,July
2026-02-09,21,30,Sonic Restaurant,2,Karađorđeva šnicla,confirmed,4,2026-02-09 21:30:00,Monday,February
2026-01-25,21,30,Sonic Restaurant,4,Pršuta i sir,completed,3,2026-01-25 21:30:00,Sunday,January
2026-01-05,21,30,Trpeza Balkana,4,Karađorđeva šnicla,confirmed,5,2026-01-05 21:30:00,Monday,January
2026-05-19,12,30,Stara Srpska Kuća,3,Rižoto sa plodovima mora,completed,5,2026-05-19 12:30:00,Tuesday,May
2026-07-06,12,30,Stara Srpska Kuća,5,Karađorđeva šnicla,completed,5,2026-07-06 12:30:00,Monday,July
2026-05-04,21,0,Stara Srpska Kuća,3,Grilovani list,completed,4,2026-05-04 21:00:00,Monday,May
2026-07-26,12,30,Stara Srpska Kuća,1,Karađorđeva šnicla,confirmed,4,2026-07-26 12:30:00,Sunday,July
2026-02-07,21,0,Sonic Restaurant,6,Palačinke,completed,4,2026-02-07 21:00:00,Saturday,February
2026-03-13,21,0,Rustika,2,Punjene pečurke,confirmed,3,2026-03-13 21:00:00,Friday,March
2026-05-13,21,0,Trpeza Balkana,2,Palačinke,completed,5,2026-05-13 21:00:00,Wednesday,May
2026-06-25,19,30,Trpeza Balkana,2,Rižoto sa plodovima mora,confirmed,5,2026-06-25 19:30:00,Thursday,June
2026-03-31,20,0,Trpeza Balkana,6,Grilovani list,confirmed,4,2026-03-31 20:00:00,Tuesday,March
2026-05-26,13,30,Stara Srpska Kuća,2,Rižoto sa plodovima mora,confirmed,4,2026-05-26 13:30:00,Tuesday,May
2026-07-17,13,30,Rustika,2,Karađorđeva šnicla,completed,5,2026-07-17 13:30:00,Friday,July
2026-02-06,21,0,Stara Srpska Kuća,2,Šopska salata,completed,4,2026-02-06 21:00:00,Friday,February
2026-03-01,20,30,Sonic Restaurant,3,Rižoto sa plodovima mora,completed,5,2026-03-01 20:30:00,Sunday,March
2026-06-25,21,0,Zlatna Ribica,2,Grilovani list,completed,4,2026-06-25 21:00:00,Thursday,June
2026-07-24,20,0,Stara Srpska Kuća,2,Pršuta i sir,completed,3,2026-07-24 20:00:00,Friday,July
2026-01-28,20,30,Trpeza Balkana,6,Rižoto sa plodovima mora,confirmed,4,2026-01-28 20:30:00,Wednesday,January
2026-07-16,21,0,Sonic Restaurant,3,Vino kuće,completed,4,2026-07-16 21:00:00,Thursday,July
2026-07-24,21,0,Trpeza Balkana,3,Rižoto sa plodovima mora,completed,5,2026-07-24 21:00:00,Friday,July
2026-03-22,18,0,Sonic Restaurant,1,Pršuta i sir,confirmed,5,2026-03-22 18:00:00,Sunday,March
2026-04-24,20,30,Stara Srpska Kuća,4,Grilovani list,confirmed,5,2026-04-24 20:30:00,Friday,April
2026-02-09,12,0,Trpeza Balkana,4,Kafa,confirmed,5,2026-02-09 12:00:00,Monday,February
2026-02-14,13,30,Stara Srpska Kuća,1,Rižoto sa plodovima mora,confirmed,4,2026-02-14 13:30:00,Saturday,February
2026-03-03,19,30,Sonic Restaurant,6,Pršuta i sir,confirmed,4,2026-03-03 19:30:00,Tuesday,March
2026-04-03,19,0,Stara Srpska Kuća,5,Karađorđeva šnicla,confirmed,5,2026-04-03 19:00:00,Friday,April
2026-04-25,19,0,Zlatna Ribica,5,Šopska salata,completed,5,2026-04-25 19:00:00,Saturday,April
2026-07-05,19,30,Trpeza Balkana,4,Grilovani list,confirmed,5,2026-07-05 19:30:00,Sunday,July
2026-03-08,12,30,Sonic Restaurant,3,Rižoto sa plodovima mora,confirmed,4,2026-03-08 12:30:00,Sunday,March
2026-02-25,20,0,Villa Nova,2,Palačinke,cancelled,3,2026-02-25 20:00:00,Wednesday,February
2026-02-09,19,0,Rustika,6,Domaći sok,completed,4,2026-02-09 19:00:00,Monday,February
2026-04-08,13,30,Trpeza Balkana,4,Rižoto sa plodovima mora,confirmed,3,2026-04-08 13:30:00,Wednesday,April
2026-02-09,21,30,Trpeza Balkana,5,Baklava,completed,5,2026-02-09 21:30:00,Monday,February
2026-04-01,13,30,Stara Srpska Kuća,4,Karađorđeva šnicla,confirmed,5,2026-04-01 13:30:00,Wednesday,April
2026-07-24,21,30,Zlatna Ribica,3,Baklava,confirmed,4,2026-07-24 21:30:00,Friday,July
2026-02-02,12,30,Stara Srpska Kuća,5,Pršuta i sir,confirmed,3,2026-02-02 12:30:00,Monday,February
2026-01-06,12,0,Stara Srpska Kuća,2,Pileći medaljoni,cancelled,4,2026-01-06 12:00:00,Tuesday,January
2026-05-27,21,30,Villa Nova,4,Palačinke,completed,5,2026-05-27 21:30:00,Wednesday,May
2026-03-21,21,30,Zlatna Ribica,2,Baklava,completed,5,2026-03-21 21:30:00,Saturday,March
2026-06-17,18,0,Sonic Restaurant,2,Grilovani list,cancelled,5,2026-06-17 18:00:00,Wednesday,June
2026-04-02,12,0,Sonic Restaurant,2,Baklava,cancelled,5,2026-04-02 12:00:00,Thursday,April
2026-04-07,12,30,Zlatna Ribica,3,Karađorđeva šnicla,completed,4,2026-04-07 12:30:00,Tuesday,April
2026-02-28,19,30,Stara Srpska Kuća,4,Baklava,completed,4,2026-02-28 19:30:00,Saturday,February
2026-02-28,20,0,Stara Srpska Kuća,1,Punjene pečurke,confirmed,5,2026-02-28 20:00:00,Saturday,February
2026-02-17,20,30,Stara Srpska Kuća,6,Karađorđeva šnicla,confirmed,3,2026-02-17 20:30:00,Tuesday,February
2026-06-18,20,30,Sonic Restaurant,1,Punjene pečurke,completed,4,2026-06-18 20:30:00,Thursday,June
2026-01-13,13,0,Zlatna Ribica,1,Pršuta i sir,completed,4,2026-01-13 13:00:00,Tuesday,January
2026-04-17,12,30,Stara Srpska Kuća,5,Pršuta i sir,cancelled,5,2026-04-17 12:30:00,Friday,April
2026-02-14,21,0,Trpeza Balkana,4,Grilovani list,confirmed,3,2026-02-14 21:00:00,Saturday,February
2026-03-30,19,0,Stara Srpska Kuća,4,Grilovani list,completed,5,2026-03-30 19:00:00,Monday,March
2026-06-30,12,0,Trpeza Balkana,6,Šopska salata,completed,4,2026-06-30 12:00:00,Tuesday,June
2026-06-19,21,0,Villa Nova,2,Grilovani list,confirmed,4,2026-06-19 21:00:00,Friday,June
2026-04-10,13,30,Trpeza Balkana,5,Rižoto sa plodovima mora,completed,5,2026-04-10 13:30:00,Friday,April
2026-07-10,20,0,Rustika,2,Punjene pečurke,confirmed,3,2026-07-10 20:00:00,Friday,July
2026-06-04,12,30,Villa Nova,2,Karađorđeva šnicla,completed,4,2026-06-04 12:30:00,Thursday,June
2026-06-15,19,30,Sonic Restaurant,5,Pršuta i sir,completed,5,2026-06-15 19:30:00,Monday,June
2026-07-07,19,30,Trpeza Balkana,4,Pršuta i sir,confirmed,5,2026-07-07 19:30:00,Tuesday,July
2026-01-07,21,30,Rustika,2,Punjene pečurke,completed,3,2026-01-07 21:30:00,Wednesday,January
2026-05-13,20,30,Sonic Restaurant,6,Rižoto sa plodovima mora,completed,4,2026-05-13 20:30:00,Wednesday,May
2026-02-14,18,0,Stara Srpska Kuća,6,Rižoto sa plodovima mora,confirmed,4,2026-02-14 18:00:00,Saturday,February
2026-02-27,20,0,Villa Nova,5,Rižoto sa plodovima mora,confirmed,3,2026-02-27 20:00:00,Friday,February
2026-01-31,13,0,Trpeza Balkana,1,Baklava,confirmed,5,2026-01-31 13:00:00,Saturday,January
2026-01-23,18,0,Stara Srpska Kuća,4,Karađorđeva šnicla,confirmed,4,2026-01-23 18:00:00,Friday,January
2026-06-19,21,30,Sonic Restaurant,3,Domaći sok,confirmed,4,2026-06-19 21:30:00,Friday,June
2026-05-18,21,0,Trpeza Balkana,4,Pršuta i sir,confirmed,5,2026-05-18 21:00:00,Monday,May
2026-06-09,20,30,Zlatna Ribica,6,Palačinke,completed,4,2026-06-09 20:30:00,Tuesday,June
2026-04-17,21,30,Zlatna Ribica,2,Rižoto sa plodovima mora,completed,4,2026-04-17 21:30:00,Friday,April
2026-06-30,18,0,Trpeza Balkana,2,Rižoto sa plodovima mora,confirmed,5,2026-06-30 18:00:00,Tuesday,June
2026-06-07,20,0,Zlatna Ribica,2,Palačinke,confirmed,4,2026-06-07 20:00:00,Sunday,June
2026-02-08,20,0,Zlatna Ribica,2,Karađorđeva šnicla,confirmed,5,2026-02-08 20:00:00,Sunday,February
2026-06-08,21,0,Trpeza Balkana,2,Karađorđeva šnicla,confirmed,4,2026-06-08 21:00:00,Monday,June
2026-03-23,20,30,Trpeza Balkana,5,Grilovani list,completed,3,2026-03-23 20:30:00,Monday,March
2026-04-10,12,30,Zlatna Ribica,6,Tiramisu,completed,5,2026-04-10 12:30:00,Friday,April
2026-01-02,19,0,Sonic Restaurant,4,Pršuta i sir,completed,5,2026-01-02 19:00:00,Friday,January
2026-07-25,20,30,Sonic Restaurant,2,Pileći medaljoni,confirmed,5,2026-07-25 20:30:00,Saturday,July
2026-03-18,21,30,Villa Nova,2,Punjene pečurke,cancelled,5,2026-03-18 21:30:00,Wednesday,March
2026-01-12,19,30,Stara Srpska Kuća,4,Rižoto sa plodovima mora,confirmed,4,2026-01-12 19:30:00,Monday,January
2026-02-08,18,0,Stara Srpska Kuća,5,Šopska salata,completed,4,2026-02-08 18:00:00,Sunday,February
2026-07-13,21,30,Sonic Restaurant,5,Rižoto sa plodovima mora,completed,4,2026-07-13 21:30:00,Monday,July
2026-01-13,20,0,Rustika,4,Baklava,completed,5,2026-01-13 20:00:00,Tuesday,January
2026-02-15,13,0,Stara Srpska Kuća,5,Grilovani list,confirmed,4,2026-02-15 13:00:00,Sunday,February
2026-06-04,21,30,Stara Srpska Kuća,1,Grilovani list,confirmed,3,2026-06-04 21:30:00,Thursday,June
2026-04-23,20,30,Stara Srpska Kuća,6,Pileći medaljoni,completed,4,2026-04-23 20:30:00,Thursday,April
2026-01-17,13,0,Trpeza Balkana,1,Rižoto sa plodovima mora,confirmed,5,2026-01-17 13:00:00,Saturday,January
2026-04-14,20,30,Stara Srpska Kuća,2,Pršuta i sir,confirmed,4,2026-04-14 20:30:00,Tuesday,April
2026-04-08,19,30,Sonic Restaurant,6,Rižoto sa plodovima mora,completed,5,2026-04-08 19:30:00,Wednesday,April
2026-07-07,20,0,Sonic Restaurant,3,Grilovani list,completed,3,2026-07-07 20:00:00,Tuesday,July
2026-07-11,19,0,Rustika,6,Pileći medaljoni,completed,4,2026-07-11 19:00:00,Saturday,July
2026-03-29,21,0,Sonic Restaurant,6,Pršuta i sir,confirmed,3,2026-03-29 21:00:00,Sunday,March
2026-04-19,12,0,Stara Srpska Kuća,4,Karađorđeva šnicla,completed,4,2026-04-19 12:00:00,Sunday,April
2026-06-12,13,30,Zlatna Ribica,1,Pileći medaljoni,confirmed,4,2026-06-12 13:30:00,Friday,June
2026-03-11,12,30,Villa Nova,4,Grilovani list,cancelled,5,2026-03-11 12:30:00,Wednesday,March
2026-06-07,20,0,Zlatna Ribica,4,Rižoto sa plodovima mora,confirmed,4,2026-06-07 20:00:00,Sunday,June
2026-07-18,19,0,Villa Nova,6,Grilovani list,confirmed,4,2026-07-18 19:00:00,Saturday,July
2026-03-15,12,0,Rustika,4,Tiramisu,completed,4,2026-03-15 12:00:00,Sunday,March
2026-03-04,13,30,Stara Srpska Kuća,2,Punjene pečurke,confirmed,4,2026-03-04 13:30:00,Wednesday,March
2026-06-05,13,0,Zlatna Ribica,4,Grilovani list,confirmed,5,2026-06-05 13:00:00,Friday,June
2026-03-01,13,30,Sonic Restaurant,2,Pršuta i sir,confirmed,3,2026-03-01 13:30:00,Sunday,March
2026-03-20,18,0,Zlatna Ribica,4,Baklava,confirmed,3,2026-03-20 18:00:00,Friday,March
2026-02-06,13,0,Stara Srpska Kuća,4,Rižoto sa plodovima mora,confirmed,5,2026-02-06 13:00:00,Friday,February
2026-01-22,13,0,Sonic Restaurant,2,Baklava,confirmed,4,2026-01-22 13:00:00,Thursday,January
2026-07-15,12,30,Villa Nova,2,Karađorđeva šnicla,cancelled,4,2026-07-15 12:30:00,Wednesday,July
2026-05-28,19,30,Stara Srpska Kuća,5,Baklava,completed,4,2026-05-28 19:30:00,Thursday,May
2026-04-06,21,30,Rustika,5,Pileći medaljoni,confirmed,5,2026-04-06 21:30:00,Monday,April
2026-03-09,20,0,Stara Srpska Kuća,5,Grilovani list,cancelled,5,2026-03-09 20:00:00,Monday,March
2026-07-11,12,30,Stara Srpska Kuća,5,Rižoto sa plodovima mora,confirmed,5,2026-07-11 12:30:00,Saturday,July
2026-01-17,12,30,Rustika,1,Vino kuće,confirmed,3,2026-01-17 12:30:00,Saturday,January
2026-01-12,13,0,Zlatna Ribica,2,Šopska salata,confirmed,3,2026-01-12 13:00:00,Monday,January
2026-05-30,13,0,Trpeza Balkana,2,Pršuta i sir,completed,5,2026-05-30 13:00:00,Saturday,May
2026-05-25,18,30,Stara Srpska Kuća,6,Karađorđeva šnicla,confirmed,4,2026-05-25 18:30:00,Monday,May
2026-05-18,21,30,Zlatna Ribica,2,Rižoto sa plodovima mora,completed,4,2026-05-18 21:30:00,Monday,May
2026-04-28,12,30,Trpeza Balkana,4,Grilovani list,confirmed,4,2026-04-28 12:30:00,Tuesday,April
2026-07-12,13,30,Zlatna Ribica,4,Karađorđeva šnicla,cancelled,3,2026-07-12 13:30:00,Sunday,July
2026-01-22,12,0,Sonic Restaurant,5,Pileći medaljoni,completed,4,2026-01-22 12:00:00,Thursday,January
2026-04-30,12,0,Villa Nova,4,Palačinke,confirmed,4,2026-04-30 12:00:00,Thursday,April
2026-07-29,12,0,Trpeza Balkana,2,Punjene pečurke,completed,4,2026-07-29 12:00:00,Wednesday,July
2026-02-19,20,30,Rustika,4,Grilovani list,completed,4,2026-02-19 20:30:00,Thursday,February
2026-01-14,20,30,Trpeza Balkana,3,Pršuta i sir,confirmed,4,2026-01-14 20:30:00,Wednesday,January
2026-07-11,13,0,Trpeza Balkana,2,Tiramisu,confirmed,5,2026-07-11 13:00:00,Saturday,July
2026-06-24,13,0,Stara Srpska Kuća,1,Šopska salata,confirmed,4,2026-06-24 13:00:00,Wednesday,June
2026-01-29,19,30,Sonic Restaurant,4,Punjene pečurke,cancelled,4,2026-01-29 19:30:00,Thursday,January
2026-07-23,20,30,Rustika,5,Domaći sok,completed,4,2026-07-23 20:30:00,Thursday,July
2026-06-13,21,0,Stara Srpska Kuća,2,Baklava,confirmed,3,2026-06-13 21:00:00,Saturday,June
2026-06-29,21,0,Stara Srpska Kuća,4,Karađorđeva šnicla,confirmed,5,2026-06-29 21:00:00,Monday,June
2026-05-05,20,0,Sonic Restaurant,4,Rižoto sa plodovima mora,completed,5,2026-05-05 20:00:00,Tuesday,May
2026-07-23,20,30,Stara Srpska Kuća,3,Domaći sok,completed,4,2026-07-23 20:30:00,Thursday,July
2026-01-07,18,30,Villa Nova,2,Pileći medaljoni,completed,3,2026-01-07 18:30:00,Wednesday,January
2026-01-29,20,30,Rustika,2,Karađorđeva šnicla,cancelled,4,2026-01-29 20:30:00,Thursday,January
2026-05-19,12,30,Sonic Restaurant,4,Pileći medaljoni,confirmed,4,2026-05-19 12:30:00,Tuesday,May
2026-02-02,12,30,Stara Srpska Kuća,3,Punjene pečurke,confirmed,4,2026-02-02 12:30:00,Monday,February
2026-05-14,19,30,Trpeza Balkana,2,Kafa,confirmed,4,2026-05-14 19:30:00,Thursday,May
2026-04-21,12,0,Zlatna Ribica,4,Rižoto sa plodovima mora,cancelled,4,2026-04-21 12:00:00,Tuesday,April
2026-03-20,20,0,Villa Nova,4,Pileći medaljoni,confirmed,4,2026-03-20 20:00:00,Friday,March
2026-06-09,20,30,Zlatna Ribica,6,Palačinke,confirmed,4,2026-06-09 20:30:00,Tuesday,June
2026-06-28,13,0,Sonic Restaurant,3,Rižoto sa plodovima mora,completed,4,2026-06-28 13:00:00,Sunday,June
2026-07-22,18,30,Zlatna Ribica,6,Karađorđeva šnicla,confirmed,4,2026-07-22 18:30:00,Wednesday,July
2026-02-27,21,0,Villa Nova,6,Tiramisu,confirmed,3,2026-02-27 21:00:00,Friday,February
2026-01-26,20,30,Trpeza Balkana,1,Pileći medaljoni,completed,5,2026-01-26 20:30:00,Monday,January
2026-06-23,13,0,Trpeza Balkana,3,Pileći medaljoni,confirmed,4,2026-06-23 13:00:00,Tuesday,June
2026-01-29,18,0,Stara Srpska Kuća,6,Pršuta i sir,confirmed,5,2026-01-29 18:00:00,Thursday,January
2026-01-04,13,30,Trpeza Balkana,4,Karađorđeva šnicla,confirmed,5,2026-01-04 13:30:00,Sunday,January
2026-07-28,21,30,Trpeza Balkana,4,Tiramisu,confirmed,4,2026-07-28 21:30:00,Tuesday,July
2026-04-09,20,0,Sonic Restaurant,4,Rižoto sa plodovima mora,confirmed,3,2026-04-09 20:00:00,Thursday,April
2026-05-21,13,0,Sonic Restaurant,4,Rižoto sa plodovima mora,cancelled,3,2026-05-21 13:00:00,Thursday,May
2026-02-08,13,30,Sonic Restaurant,1,Karađorđeva šnicla,confirmed,5,2026-02-08 13:30:00,Sunday,February
2026-01-15,21,0,Stara Srpska Kuća,2,Rižoto sa plodovima mora,completed,5,2026-01-15 21:00:00,Thursday,January
2026-04-29,19,30,Stara Srpska Kuća,1,Baklava,confirmed,5,2026-04-29 19:30:00,Wednesday,April
2026-01-29,19,30,Sonic Restaurant,4,Baklava,completed,5,2026-01-29 19:30:00,Thursday,January
2026-06-06,19,0,Zlatna Ribica,2,Tiramisu,confirmed,4,2026-06-06 19:00:00,Saturday,June
2026-03-16,20,30,Stara Srpska Kuća,1,Rižoto sa plodovima mora,confirmed,2,2026-03-16 20:30:00,Monday,March
2026-04-26,20,0,Sonic Restaurant,6,Punjene pečurke,confirmed,5,2026-04-26 20:00:00,Sunday,April
2026-02-01,18,0,Rustika,2,Pileći medaljoni,confirmed,3,2026-02-01 18:00:00,Sunday,February
2026-05-10,18,30,Zlatna Ribica,4,Baklava,confirmed,4,2026-05-10 18:30:00,Sunday,May
2026-06-24,13,0,Zlatna Ribica,4,Šopska salata,confirmed,5,2026-06-24 13:00:00,Wednesday,June
2026-07-25,19,30,Sonic Restaurant,5,Rižoto sa plodovima mora,cancelled,4,2026-07-25 19:30:00,Saturday,July
2026-03-25,20,30,Trpeza Balkana,6,Rižoto sa plodovima mora,confirmed,4,2026-03-25 20:30:00,Wednesday,March
2026-01-22,13,30,Stara Srpska Kuća,6,Grilovani list,completed,4,2026-01-22 13:30:00,Thursday,January
2026-07-22,12,0,Rustika,5,Pršuta i sir,confirmed,3,2026-07-22 12:00:00,Wednesday,July
2026-01-27,13,30,Stara Srpska Kuća,2,Domaći sok,completed,3,2026-01-27 13:30:00,Tuesday,January
2026-07-14,20,0,Zlatna Ribica,2,Karađorđeva šnicla,completed,3,2026-07-14 20:00:00,Tuesday,July
2026-03-22,20,30,Sonic Restaurant,3,Karađorđeva šnicla,confirmed,4,2026-03-22 20:30:00,Sunday,March
2026-05-06,13,30,Trpeza Balkana,1,Karađorđeva šnicla,confirmed,3,2026-05-06 13:30:00,Wednesday,May
2026-07-03,19,30,Zlatna Ribica,2,Šopska salata,confirmed,4,2026-07-03 19:30:00,Friday,July
2026-04-02,21,0,Sonic Restaurant,1,Rižoto sa plodovima mora,completed,4,2026-04-02 21:00:00,Thursday,April
2026-01-21,20,0,Stara Srpska Kuća,2,Grilovani list,confirmed,5,2026-01-21 20:00:00,Wednesday,January
2026-02-16,21,30,Zlatna Ribica,2,Rižoto sa plodovima mora,confirmed,5,2026-02-16 21:30:00,Monday,February
2026-07-27,13,30,Villa Nova,4,Pršuta i sir,confirmed,4,2026-07-27 13:30:00,Monday,July
2026-04-11,20,0,Rustika,3,Pileći medaljoni,confirmed,5,2026-04-11 20:00:00,Saturday,April
2026-07-06,13,0,Stara Srpska Kuća,3,Šopska salata,confirmed,5,2026-07-06 13:00:00,Monday,July
2026-03-25,18,0,Sonic Restaurant,1,Rižoto sa plodovima mora,cancelled,4,2026-03-25 18:00:00,Wednesday,March
2026-01-06,12,30,Villa Nova,5,Pileći medaljoni,completed,3,2026-01-06 12:30:00,Tuesday,January
2026-05-27,13,0,Zlatna Ribica,2,Karađorđeva šnicla,completed,4,2026-05-27 13:00:00,Wednesday,May
2026-07-04,20,30,Trpeza Balkana,3,Karađorđeva šnicla,confirmed,3,2026-07-04 20:30:00,Saturday,July
2026-07-16,21,0,Rustika,2,Pileći medaljoni,completed,4,2026-07-16 21:00:00,Thursday,July
2026-05-11,20,30,Rustika,1,Grilovani list,completed,4,2026-05-11 20:30:00,Monday,May
2026-01-01,13,30,Zlatna Ribica,6,Pršuta i sir,completed,5,2026-01-01 13:30:00,Thursday,January
2026-02-27,12,30,Sonic Restaurant,2,Karađorđeva šnicla,confirmed,4,2026-02-27 12:30:00,Friday,February
2026-05-04,20,0,Sonic Restaurant,4,Karađorđeva šnicla,cancelled,4,2026-05-04 20:00:00,Monday,May
2026-06-15,20,0,Trpeza Balkana,1,Palačinke,completed,4,2026-06-15 20:00:00,Monday,June
2026-01-15,20,0,Sonic Restaurant,1,Pršuta i sir,cancelled,4,2026-01-15 20:00:00,Thursday,January
2026-06-11,13,30,Stara Srpska Kuća,6,Šopska salata,confirmed,4,2026-06-11 13:30:00,Thursday,June
2026-07-08,13,30,Sonic Restaurant,2,Baklava,confirmed,4,2026-07-08 13:30:00,Wednesday,July
2026-06-12,12,0,Stara Srpska Kuća,6,Pileći medaljoni,confirmed,4,2026-06-12 12:00:00,Friday,June
2026-03-05,20,30,Trpeza Balkana,3,Šopska salata,completed,4,2026-03-05 20:30:00,Thursday,March
2026-01-25,12,30,Zlatna Ribica,4,Pileći medaljoni,confirmed,4,2026-01-25 12:30:00,Sunday,January
2026-01-24,19,30,Sonic Restaurant,1,Grilovani list,completed,5,2026-01-24 19:30:00,Saturday,January
2026-01-12,18,0,Sonic Restaurant,4,Rižoto sa plodovima mora,cancelled,4,2026-01-12 18:00:00,Monday,January
2026-01-18,20,30,Rustika,5,Pileći medaljoni,completed,5,2026-01-18 20:30:00,Sunday,January
2026-01-15,13,0,Stara Srpska Kuća,1,Grilovani list,completed,4,2026-01-15 13:00:00,Thursday,January
2026-07-27,19,0,Trpeza Balkana,6,Rižoto sa plodovima mora,completed,4,2026-07-27 19:00:00,Monday,July
2026-01-27,18,0,Rustika,2,Rižoto sa plodovima mora,completed,4,2026-01-27 18:00:00,Tuesday,January
2026-03-13,18,0,Sonic Restaurant,1,Karađorđeva šnicla,confirmed,4,2026-03-13 18:00:00,Friday,March
2026-03-01,20,0,Zlatna Ribica,1,Karađorđeva šnicla,completed,4,2026-03-01 20:00:00,Sunday,March
2026-06-23,20,30,Villa Nova,4,Karađorđeva šnicla,cancelled,4,2026-06-23 20:30:00,Tuesday,June
2026-05-25,20,0,Stara Srpska Kuća,4,Karađorđeva šnicla,confirmed,5,2026-05-25 20:00:00,Monday,May
2026-04-03,21,0,Zlatna Ribica,1,Rižoto sa plodovima mora,cancelled,5,2026-04-03 21:00:00,Friday,April
2026-02-22,19,0,Sonic Restaurant,2,Pršuta i sir,confirmed,4,2026-02-22 19:00:00,Sunday,February
2026-01-08,19,30,Stara Srpska Kuća,4,Karađorđeva šnicla,confirmed,4,2026-01-08 19:30:00,Thursday,January
2026-03-20,18,30,Rustika,2,Palačinke,confirmed,4,2026-03-20 18:30:00,Friday,March
2026-01-27,20,30,Rustika,2,Baklava,confirmed,3,2026-01-27 20:30:00,Tuesday,January
2026-06-23,20,30,Trpeza Balkana,2,Pileći medaljoni,cancelled,3,2026-06-23 20:30:00,Tuesday,June
2026-02-19,20,0,Stara Srpska Kuća,4,Šopska salata,cancelled,5,2026-02-19 20:00:00,Thursday,February
2026-07-18,19,0,Stara Srpska Kuća,2,Rižoto sa plodovima mora,completed,4,2026-07-18 19:00:00,Saturday,July
2026-05-11,19,30,Zlatna Ribica,2,Karađorđeva šnicla,cancelled,5,2026-05-11 19:30:00,Monday,May
2026-04-03,19,30,Stara Srpska Kuća,2,Palačinke,confirmed,4,2026-04-03 19:30:00,Friday,April
2026-07-11,18,30,Trpeza Balkana,6,Karađorđeva šnicla,confirmed,5,2026-07-11 18:30:00,Saturday,July
2026-06-21,13,30,Zlatna Ribica,2,Tiramisu,confirmed,3,2026-06-21 13:30:00,Sunday,June
2026-06-30,13,0,Trpeza Balkana,2,Pršuta i sir,cancelled,4,2026-06-30 13:00:00,Tuesday,June
2026-01-24,13,30,Zlatna Ribica,5,Grilovani list,confirmed,4,2026-01-24 13:30:00,Saturday,January
2026-03-01,19,30,Sonic Restaurant,4,Pileći medaljoni,cancelled,3,2026-03-01 19:30:00,Sunday,March
2026-05-02,13,30,Stara Srpska Kuća,4,Pileći medaljoni,completed,4,2026-05-02 13:30:00,Saturday,May
2026-05-11,21,30,Sonic Restaurant,4,Karađorđeva šnicla,cancelled,5,2026-05-11 21:30:00,Monday,May
2026-05-28,21,30,Zlatna Ribica,2,Rižoto sa plodovima mora,confirmed,5,2026-05-28 21:30:00,Thursday,May
2026-02-15,19,30,Zlatna Ribica,2,Šopska salata,confirmed,3,2026-02-15 19:30:00,Sunday,February
2026-01-15,13,30,Trpeza Balkana,4,Pileći medaljoni,completed,4,2026-01-15 13:30:00,Thursday,January
2026-06-02,13,0,Trpeza Balkana,2,Grilovani list,completed,2,2026-06-02 13:00:00,Tuesday,June
2026-07-25,20,0,Villa Nova,6,Rižoto sa plodovima mora,confirmed,4,2026-07-25 20:00:00,Saturday,July
2026-07-18,18,0,Sonic Restaurant,2,Palačinke,cancelled,5,2026-07-18 18:00:00,Saturday,July
2026-01-17,19,0,Stara Srpska Kuća,2,Pileći medaljoni,completed,5,2026-01-17 19:00:00,Saturday,January
2026-05-06,20,0,Sonic Restaurant,4,Pileći medaljoni,confirmed,5,2026-05-06 20:00:00,Wednesday,May
2026-03-25,12,0,Trpeza Balkana,1,Domaći sok,confirmed,5,2026-03-25 12:00:00,Wednesday,March
2026-01-09,18,30,Sonic Restaurant,4,Rižoto sa plodovima mora,confirmed,5,2026-01-09 18:30:00,Friday,January
2026-06-15,20,30,Rustika,1,Pileći medaljoni,completed,4,2026-06-15 20:30:00,Monday,June
2026-06-25,21,0,Zlatna Ribica,5,Baklava,completed,4,2026-06-25 21:00:00,Thursday,June
2026-07-07,13,30,Villa Nova,3,Šopska salata,confirmed,5,2026-07-07 13:30:00,Tuesday,July
2026-03-04,20,0,Villa Nova,4,Grilovani list,completed,4,2026-03-04 20:00:00,Wednesday,March
2026-04-27,21,30,Stara Srpska Kuća,2,Karađorđeva šnicla,completed,3,2026-04-27 21:30:00,Monday,April
2026-05-10,19,30,Sonic Restaurant,2,Punjene pečurke,confirmed,5,2026-05-10 19:30:00,Sunday,May
2026-03-29,13,30,Zlatna Ribica,6,Grilovani list,confirmed,4,2026-03-29 13:30:00,Sunday,March
2026-03-13,19,30,Stara Srpska Kuća,2,Tiramisu,confirmed,4,2026-03-13 19:30:00,Friday,March
2026-05-19,20,30,Sonic Restaurant,4,Karađorđeva šnicla,confirmed,5,2026-05-19 20:30:00,Tuesday,May
2026-03-05,19,30,Trpeza Balkana,3,Grilovani list,completed,5,2026-03-05 19:30:00,Thursday,March
2026-07-24,18,0,Stara Srpska Kuća,2,Karađorđeva šnicla,cancelled,3,2026-07-24 18:00:00,Friday,July
2026-07-28,19,0,Zlatna Ribica,2,Punjene pečurke,confirmed,4,2026-07-28 19:00:00,Tuesday,July
2026-03-13,18,30,Trpeza Balkana,5,Palačinke,confirmed,3,2026-03-13 18:30:00,Friday,March
2026-01-21,20,0,Stara Srpska Kuća,4,Pršuta i sir,confirmed,3,2026-01-21 20:00:00,Wednesday,January
2026-01-18,12,30,Sonic Restaurant,2,Tiramisu,confirmed,2,2026-01-18 12:30:00,Sunday,January
2026-03-05,21,0,Stara Srpska Kuća,4,Karađorđeva šnicla,confirmed,3,2026-03-05 21:00:00,Thursday,March
2026-03-23,19,30,Trpeza Balkana,5,Karađorđeva šnicla,completed,4,2026-03-23 19:30:00,Monday,March
2026-04-20,20,0,Stara Srpska Kuća,4,Baklava,confirmed,2,2026-04-20 20:00:00,Monday,April
2026-04-05,20,30,Rustika,1,Baklava,cancelled,3,2026-04-05 20:30:00,Sunday,April
2026-06-15,21,0,Sonic Restaurant,3,Baklava,confirmed,5,2026-06-15 21:00:00,Monday,June
2026-02-01,12,30,Stara Srpska Kuća,2,Baklava,completed,3,2026-02-01 12:30:00,Sunday,February
2026-01-11,20,0,Sonic Restaurant,4,Rižoto sa plodovima mora,completed,4,2026-01-11 20:00:00,Sunday,January
2026-02-14,12,30,Sonic Restaurant,4,Karađorđeva šnicla,confirmed,3,2026-02-14 12:30:00,Saturday,February
2026-02-02,21,30,Sonic Restaurant,4,Tiramisu,confirmed,5,2026-02-02 21:30:00,Monday,February
2026-04-12,20,30,Zlatna Ribica,2,Grilovani list,completed,4,2026-04-12 20:30:00,Sunday,April
2026-06-18,19,0,Zlatna Ribica,4,Rižoto sa plodovima mora,completed,3,2026-06-18 19:00:00,Thursday,June
2026-05-16,20,0,Stara Srpska Kuća,3,Punjene pečurke,completed,2,2026-05-16 20:00:00,Saturday,May
2026-01-11,12,0,Stara Srpska Kuća,5,Grilovani list,completed,3,2026-01-11 12:00:00,Sunday,January
2026-06-28,13,30,Trpeza Balkana,5,Baklava,confirmed,5,2026-06-28 13:30:00,Sunday,June
2026-03-29,13,0,Zlatna Ribica,4,Karađorđeva šnicla,completed,5,2026-03-29 13:00:00,Sunday,March
2026-02-10,20,30,Sonic Restaurant,4,Baklava,cancelled,4,2026-02-10 20:30:00,Tuesday,February
2026-05-25,21,0,Rustika,2,Pršuta i sir,completed,4,2026-05-25 21:00:00,Monday,May
2026-03-17,18,0,Sonic Restaurant,4,Pršuta i sir,cancelled,4,2026-03-17 18:00:00,Tuesday,March
2026-05-01,18,0,Trpeza Balkana,6,Pileći medaljoni,completed,5,2026-05-01 18:00:00,Friday,May
2026-02-15,19,0,Sonic Restaurant,2,Grilovani list,completed,4,2026-02-15 19:00:00,Sunday,February
2026-06-09,12,30,Stara Srpska Kuća,1,Pileći medaljoni,completed,5,2026-06-09 12:30:00,Tuesday,June
2026-07-26,12,0,Villa Nova,3,Pileći medaljoni,completed,4,2026-07-26 12:00:00,Sunday,July
2026-03-21,20,0,Sonic Restaurant,4,Pršuta i sir,confirmed,4,2026-03-21 20:00:00,Saturday,March
2026-02-23,13,30,Trpeza Balkana,2,Grilovani list,completed,3,2026-02-23 13:30:00,Monday,February
2026-03-27,13,30,Stara Srpska Kuća,5,Karađorđeva šnicla,completed,5,2026-03-27 13:30:00,Friday,March
2026-04-02,12,0,Zlatna Ribica,4,Karađorđeva šnicla,confirmed,5,2026-04-02 12:00:00,Thursday,April
2026-05-28,20,0,Rustika,2,Punjene pečurke,confirmed,5,2026-05-28 20:00:00,Thursday,May
2026-06-10,20,30,Stara Srpska Kuća,4,Karađorđeva šnicla,completed,3,2026-06-10 20:30:00,Wednesday,June
2026-07-21,12,30,Rustika,1,Baklava,completed,4,2026-07-21 12:30:00,Tuesday,July
2026-06-17,20,30,Zlatna Ribica,6,Punjene pečurke,confirmed,4,2026-06-17 20:30:00,Wednesday,June
2026-06-09,19,0,Zlatna Ribica,4,Šopska salata,cancelled,5,2026-06-09 19:00:00,Tuesday,June
2026-04-07,21,0,Zlatna Ribica,4,Baklava,cancelled,4,2026-04-07 21:00:00,Tuesday,April
2026-01-02,19,0,Rustika,2,Karađorđeva šnicla,confirmed,4,2026-01-02 19:00:00,Friday,January
2026-02-02,12,30,Stara Srpska Kuća,2,Baklava,confirmed,4,2026-02-02 12:30:00,Monday,February
2026-07-24,19,30,Stara Srpska Kuća,1,Pileći medaljoni,cancelled,5,2026-07-24 19:30:00,Friday,July
2026-06-07,20,30,Rustika,3,Palačinke,completed,4,2026-06-07 20:30:00,Sunday,June
2026-06-10,19,0,Trpeza Balkana,6,Palačinke,confirmed,2,2026-06-10 19:00:00,Wednesday,June
2026-03-18,20,30,Stara Srpska Kuća,4,Karađorđeva šnicla,confirmed,4,2026-03-18 20:30:00,Wednesday,March
2026-04-26,12,0,Zlatna Ribica,3,Rižoto sa plodovima mora,confirmed,3,2026-04-26 12:00:00,Sunday,April
2026-06-03,12,30,Zlatna Ribica,2,Pileći medaljoni,completed,3,2026-06-03 12:30:00,Wednesday,June
2026-05-30,21,0,Sonic Restaurant,3,Punjene pečurke,confirmed,5,2026-05-30 21:00:00,Saturday,May
2026-04-13,20,0,Sonic Restaurant,5,Grilovani list,completed,5,2026-04-13 20:00:00,Monday,April
2026-07-13,20,30,Trpeza Balkana,2,Grilovani list,confirmed,4,2026-07-13 20:30:00,Monday,July
2026-06-15,19,0,Stara Srpska Kuća,3,Rižoto sa plodovima mora,cancelled,4,2026-06-15 19:00:00,Monday,June
2026-04-13,19,30,Trpeza Balkana,4,Pileći medaljoni,confirmed,4,2026-04-13 19:30:00,Monday,April
2026-03-31,13,0,Rustika,5,Tiramisu,completed,5,2026-03-31 13:00:00,Tuesday,March
2026-06-23,13,30,Sonic Restaurant,5,Šopska salata,cancelled,5,2026-06-23 13:30:00,Tuesday,June
2026-05-02,18,30,Sonic Restaurant,3,Rižoto sa plodovima mora,confirmed,5,2026-05-02 18:30:00,Saturday,May
2026-05-23,13,0,Sonic Restaurant,6,Karađorđeva šnicla,confirmed,3,2026-05-23 13:00:00,Saturday,May
2026-04-16,12,30,Sonic Restaurant,2,Karađorđeva šnicla,completed,3,2026-04-16 12:30:00,Thursday,April
2026-04-29,12,0,Trpeza Balkana,6,Pileći medaljoni,confirmed,5,2026-04-29 12:00:00,Wednesday,April
2026-06-21,21,30,Sonic Restaurant,4,Baklava,completed,5,2026-06-21 21:30:00,Sunday,June
2026-02-18,19,30,Zlatna Ribica,4,Rižoto sa plodovima mora,confirmed,3,2026-02-18 19:30:00,Wednesday,February
2026-04-14,12,30,Sonic Restaurant,2,Pileći medaljoni,confirmed,5,2026-04-14 12:30:00,Tuesday,April
2026-07-22,12,30,Sonic Restaurant,2,Palačinke,cancelled,4,2026-07-22 12:30:00,Wednesday,July
2026-03-02,13,0,Stara Srpska Kuća,5,Palačinke,completed,4,2026-03-02 13:00:00,Monday,March
2026-07-14,20,30,Stara Srpska Kuća,4,Karađorđeva šnicla,completed,3,2026-07-14 20:30:00,Tuesday,July
2026-05-03,13,30,Stara Srpska Kuća,2,Karađorđeva šnicla,confirmed,3,2026-05-03 13:30:00,Sunday,May
2026-05-14,13,0,Sonic Restaurant,4,Grilovani list,confirmed,2,2026-05-14 13:00:00,Thursday,May
2026-01-09,12,0,Rustika,4,Punjene pečurke,completed,5,2026-01-09 12:00:00,Friday,January
2026-01-06,12,0,Trpeza Balkana,4,Tiramisu,confirmed,4,2026-01-06 12:00:00,Tuesday,January
2026-03-14,13,0,Stara Srpska Kuća,2,Karađorđeva šnicla,confirmed,5,2026-03-14 13:00:00,Saturday,March
2026-04-13,21,0,Stara Srpska Kuća,5,Karađorđeva šnicla,confirmed,5,2026-04-13 21:00:00,Monday,April
2026-06-09,13,0,Stara Srpska Kuća,1,Palačinke,confirmed,4,2026-06-09 13:00:00,Tuesday,June
2026-02-10,13,30,Sonic Restaurant,1,Šopska salata,completed,5,2026-02-10 13:30:00,Tuesday,February
2026-04-24,20,0,Sonic Restaurant,4,Kafa,completed,4,2026-04-24 20:00:00,Friday,April
2026-07-23,20,30,Sonic Restaurant,3,Rižoto sa plodovima mora,completed,4,2026-07-23 20:30:00,Thursday,July
2026-01-08,12,0,Stara Srpska Kuća,6,Rižoto sa plodovima mora,completed,3,2026-01-08 12:00:00,Thursday,January
2026-03-13,12,30,Stara Srpska Kuća,4,Karađorđeva šnicla,confirmed,5,2026-03-13 12:30:00,Friday,March
2026-06-27,19,30,Stara Srpska Kuća,2,Karađorđeva šnicla,confirmed,5,2026-06-27 19:30:00,Saturday,June
2026-04-02,13,30,Stara Srpska Kuća,4,Pršuta i sir,completed,4,2026-04-02 13:30:00,Thursday,April
2026-03-03,20,0,Trpeza Balkana,2,Rižoto sa plodovima mora,confirmed,3,2026-03-03 20:00:00,Tuesday,March
2026-03-25,21,0,Stara Srpska Kuća,1,Karađorđeva šnicla,confirmed,5,2026-03-25 21:00:00,Wednesday,March
2026-03-03,13,0,Sonic Restaurant,5,Palačinke,cancelled,3,2026-03-03 13:00:00,Tuesday,March
2026-04-21,19,0,Zlatna Ribica,2,Karađorđeva šnicla,confirmed,4,2026-04-21 19:00:00,Tuesday,April
2026-05-07,20,30,Rustika,5,Šopska salata,confirmed,3,2026-05-07 20:30:00,Thursday,May
2026-01-07,12,0,Rustika,4,Grilovani list,completed,4,2026-01-07 12:00:00,Wednesday,January
2026-07-22,12,30,Trpeza Balkana,2,Baklava,completed,4,2026-07-22 12:30:00,Wednesday,July
2026-03-25,20,30,Stara Srpska Kuća,1,Karađorđeva šnicla,completed,5,2026-03-25 20:30:00,Wednesday,March
2026-07-27,13,0,Zlatna Ribica,4,Šopska salata,confirmed,4,2026-07-27 13:00:00,Monday,July
2026-05-12,18,0,Trpeza Balkana,1,Karađorđeva šnicla,cancelled,5,2026-05-12 18:00:00,Tuesday,May
2026-05-14,12,0,Stara Srpska Kuća,4,Rižoto sa plodovima mora,completed,3,2026-05-14 12:00:00,Thursday,May
2026-02-27,18,30,Zlatna Ribica,5,Šopska salata,completed,5,2026-02-27 18:30:00,Friday,February
2026-01-22,21,0,Rustika,4,Karađorđeva šnicla,confirmed,4,2026-01-22 21:00:00,Thursday,January
2026-06-03,19,30,Sonic Restaurant,2,Grilovani list,confirmed,4,2026-06-03 19:30:00,Wednesday,June
2026-05-07,20,0,Stara Srpska Kuća,1,Palačinke,confirmed,3,2026-05-07 20:00:00,Thursday,May
2026-01-03,13,30,Stara Srpska Kuća,1,Palačinke,confirmed,4,2026-01-03 13:30:00,Saturday,January
2026-05-07,13,0,Sonic Restaurant,2,Karađorđeva šnicla,confirmed,3,2026-05-07 13:00:00,Thursday,May
2026-02-10,21,0,Stara Srpska Kuća,3,Karađorđeva šnicla,confirmed,4,2026-02-10 21:00:00,Tuesday,February
2026-07-07,21,30,Trpeza Balkana,4,Karađorđeva šnicla,completed,3,2026-07-07 21:30:00,Tuesday,July
2026-04-16,21,0,Trpeza Balkana,2,Karađorđeva šnicla,completed,4,2026-04-16 21:00:00,Thursday,April
2026-01-14,20,0,Stara Srpska Kuća,1,Domaći sok,completed,5,2026-01-14 20:00:00,Wednesday,January
2026-07-22,20,0,Rustika,4,Pileći medaljoni,confirmed,3,2026-07-22 20:00:00,Wednesday,July
2026-07-29,13,0,Sonic Restaurant,2,Pileći medaljoni,confirmed,4,2026-07-29 13:00:00,Wednesday,July
2026-01-12,13,0,Stara Srpska Kuća,2,Vino kuće,confirmed,5,2026-01-12 13:00:00,Monday,January
2026-03-28,21,0,Trpeza Balkana,5,Pileći medaljoni,confirmed,5,2026-03-28 21:00:00,Saturday,March
2026-01-12,19,0,Trpeza Balkana,3,Punjene pečurke,confirmed,5,2026-01-12 19:00:00,Monday,January
2026-05-21,12,30,Zlatna Ribica,2,Rižoto sa plodovima mora,completed,4,2026-05-21 12:30:00,Thursday,May
2026-01-25,20,30,Rustika,3,Rižoto sa plodovima mora,completed,4,2026-01-25 20:30:00,Sunday,January
2026-02-14,19,0,Trpeza Balkana,5,Pršuta i sir,completed,5,2026-02-14 19:00:00,Saturday,February
2026-05-02,13,0,Rustika,4,Karađorđeva šnicla,completed,3,2026-05-02 13:00:00,Saturday,May
2026-05-27,20,0,Sonic Restaurant,2,Grilovani list,cancelled,2,2026-05-27 20:00:00,Wednesday,May
2026-02-24,18,30,Trpeza Balkana,5,Karađorđeva šnicla,completed,5,2026-02-24 18:30:00,Tuesday,February
2026-04-10,20,30,Villa Nova,6,Karađorđeva šnicla,completed,5,2026-04-10 20:30:00,Friday,April
2026-06-22,19,0,Trpeza Balkana,3,Pileći medaljoni,completed,3,2026-06-22 19:00:00,Monday,June
2026-05-16,20,30,Stara Srpska Kuća,2,Pršuta i sir,confirmed,4,2026-05-16 20:30:00,Saturday,May
2026-04-29,19,0,Zlatna Ribica,2,Rižoto sa plodovima mora,completed,3,2026-04-29 19:00:00,Wednesday,April
2026-02-22,13,0,Zlatna Ribica,4,Grilovani list,confirmed,4,2026-02-22 13:00:00,Sunday,February
2026-07-02,12,0,Stara Srpska Kuća,1,Punjene pečurke,completed,4,2026-07-02 12:00:00,Thursday,July
2026-02-01,19,0,Villa Nova,2,Karađorđeva šnicla,cancelled,5,2026-02-01 19:00:00,Sunday,February
2026-02-20,13,30,Stara Srpska Kuća,2,Pileći medaljoni,completed,3,2026-02-20 13:30:00,Friday,February
2026-02-13,13,30,Stara Srpska Kuća,1,Šopska salata,confirmed,5,2026-02-13 13:30:00,Friday,February
2026-03-23,12,0,Rustika,2,Karađorđeva šnicla,confirmed,5,2026-03-23 12:00:00,Monday,March
2026-07-17,13,30,Sonic Restaurant,3,Šopska salata,completed,4,2026-07-17 13:30:00,Friday,July
2026-05-26,20,30,Stara Srpska Kuća,6,Šopska salata,cancelled,3,2026-05-26 20:30:00,Tuesday,May
2026-05-30,21,0,Zlatna Ribica,1,Karađorđeva šnicla,confirmed,5,2026-05-30 21:00:00,Saturday,May
2026-02-06,12,30,Zlatna Ribica,3,Karađorđeva šnicla,completed,4,2026-02-06 12:30:00,Friday,February
2026-04-06,12,0,Stara Srpska Kuća,2,Domaći sok,cancelled,3,2026-04-06 12:00:00,Monday,April
2026-02-25,21,0,Villa Nova,6,Karađorđeva šnicla,confirmed,4,2026-02-25 21:00:00,Wednesday,February
2026-04-15,18,0,Zlatna Ribica,4,Baklava,cancelled,5,2026-04-15 18:00:00,Wednesday,April
2026-02-28,21,0,Zlatna Ribica,2,Pršuta i sir,confirmed,4,2026-02-28 21:00:00,Saturday,February
2026-05-11,18,30,Zlatna Ribica,2,Grilovani list,completed,5,2026-05-11 18:30:00,Monday,May
2026-06-05,21,0,Zlatna Ribica,5,Karađorđeva šnicla,confirmed,5,2026-06-05 21:00:00,Friday,June
2026-07-21,21,30,Stara Srpska Kuća,1,Pileći medaljoni,completed,4,2026-07-21 21:30:00,Tuesday,July
2026-02-04,12,0,Sonic Restaurant,2,Rižoto sa plodovima mora,completed,5,2026-02-04 12:00:00,Wednesday,February
2026-07-08,19,0,Zlatna Ribica,1,Punjene pečurke,confirmed,5,2026-07-08 19:00:00,Wednesday,July
2026-04-03,12,30,Rustika,5,Palačinke,completed,5,2026-04-03 12:30:00,Friday,April
2026-07-01,18,0,Stara Srpska Kuća,1,Baklava,cancelled,2,2026-07-01 18:00:00,Wednesday,July
2026-07-10,20,30,Zlatna Ribica,3,Grilovani list,completed,2,2026-07-10 20:30:00,Friday,July
2026-07-26,21,30,Rustika,2,Palačinke,confirmed,5,2026-07-26 21:30:00,Sunday,July
2026-04-07,18,0,Stara Srpska Kuća,4,Baklava,confirmed,4,2026-04-07 18:00:00,Tuesday,April
2026-05-15,19,0,Stara Srpska Kuća,3,Tiramisu,confirmed,4,2026-05-15 19:00:00,Friday,May
2026-03-17,20,0,Sonic Restaurant,5,Pileći medaljoni,cancelled,5,2026-03-17 20:00:00,Tuesday,March
2026-02-18,21,0,Zlatna Ribica,1,Šopska salata,confirmed,4,2026-02-18 21:00:00,Wednesday,February
2026-04-04,12,0,Stara Srpska Kuća,3,Pršuta i sir,cancelled,4,2026-04-04 12:00:00,Saturday,April
2026-06-08,12,0,Sonic Restaurant,2,Grilovani list,cancelled,4,2026-06-08 12:00:00,Monday,June
2026-07-05,20,30,Zlatna Ribica,2,Kafa,completed,4,2026-07-05 20:30:00,Sunday,July
2026-07-08,13,30,Zlatna Ribica,3,Karađorđeva šnicla,completed,5,2026-07-08 13:30:00,Wednesday,July
2026-01-24,19,0,Stara Srpska Kuća,2,Karađorđeva šnicla,completed,4,2026-01-24 19:00:00,Saturday,January
2026-05-28,18,30,Sonic Restaurant,5,Palačinke,completed,5,2026-05-28 18:30:00,Thursday,May
2026-02-06,21,30,Trpeza Balkana,2,Karađorđeva šnicla,confirmed,4,2026-02-06 21:30:00,Friday,February
2026-01-04,12,0,Villa Nova,1,Palačinke,completed,5,2026-01-04 12:00:00,Sunday,January
2026-04-18,19,0,Rustika,6,Šopska salata,completed,3,2026-04-18 19:00:00,Saturday,April
2026-05-06,13,30,Zlatna Ribica,6,Karađorđeva šnicla,completed,2,2026-05-06 13:30:00,Wednesday,May
2026-01-20,12,0,Sonic Restaurant,4,Rižoto sa plodovima mora,completed,4,2026-01-20 12:00:00,Tuesday,January
2026-07-07,13,30,Sonic Restaurant,1,Šopska salata,confirmed,4,2026-07-07 13:30:00,Tuesday,July
2026-06-01,19,0,Stara Srpska Kuća,5,Pršuta i sir,confirmed,5,2026-06-01 19:00:00,Monday,June
2026-02-19,19,30,Stara Srpska Kuća,2,Tiramisu,cancelled,4,2026-02-19 19:30:00,Thursday,February
2026-06-26,19,30,Trpeza Balkana,6,Palačinke,confirmed,4,2026-06-26 19:30:00,Friday,June
2026-06-28,19,30,Stara Srpska Kuća,5,Rižoto sa plodovima mora,completed,4,2026-06-28 19:30:00,Sunday,June
2026-04-06,13,30,Stara Srpska Kuća,2,Karađorđeva šnicla,confirmed,4,2026-04-06 13:30:00,Monday,April
2026-04-15,19,0,Villa Nova,3,Tiramisu,confirmed,4,2026-04-15 19:00:00,Wednesday,April
2026-06-13,20,0,Stara Srpska Kuća,6,Pileći medaljoni,confirmed,5,2026-06-13 20:00:00,Saturday,June
2026-04-27,13,30,Stara Srpska Kuća,1,Karađorđeva šnicla,cancelled,4,2026-04-27 13:30:00,Monday,April
2026-04-08,20,30,Stara Srpska Kuća,6,Baklava,completed,4,2026-04-08 20:30:00,Wednesday,April
2026-03-07,12,0,Zlatna Ribica,2,Palačinke,confirmed,5,2026-03-07 12:00:00,Saturday,March
2026-03-20,20,0,Zlatna Ribica,2,Pršuta i sir,cancelled,3,2026-03-20 20:00:00,Friday,March
2026-06-11,20,30,Sonic Restaurant,2,Rižoto sa plodovima mora,confirmed,5,2026-06-11 20:30:00,Thursday,June
2026-06-13,20,30,Zlatna Ribica,6,Punjene pečurke,confirmed,4,2026-06-13 20:30:00,Saturday,June
2026-01-06,20,30,Trpeza Balkana,4,Punjene pečurke,completed,5,2026-01-06 20:30:00,Tuesday,January
2026-02-08,20,30,Rustika,5,Palačinke,completed,4,2026-02-08 20:30:00,Sunday,February
2026-06-19,20,30,Villa Nova,2,Tiramisu,confirmed,3,2026-06-19 20:30:00,Friday,June
2026-04-25,12,0,Rustika,2,Pileći medaljoni,cancelled,4,2026-04-25 12:00:00,Saturday,April
2026-07-05,12,30,Zlatna Ribica,1,Baklava,cancelled,5,2026-07-05 12:30:00,Sunday,July
2026-05-05,19,0,Stara Srpska Kuća,4,Domaći sok,confirmed,4,2026-05-05 19:00:00,Tuesday,May
2026-01-12,20,0,Stara Srpska Kuća,2,Karađorđeva šnicla,confirmed,4,2026-01-12 20:00:00,Monday,January
2026-05-11,18,0,Stara Srpska Kuća,5,Karađorđeva šnicla,cancelled,4,2026-05-11 18:00:00,Monday,May
2026-01-18,21,30,Trpeza Balkana,2,Palačinke,confirmed,5,2026-01-18 21:30:00,Sunday,January
2026-02-09,20,0,Rustika,1,Karađorđeva šnicla,confirmed,4,2026-02-09 20:00:00,Monday,February
2026-01-21,18,0,Zlatna Ribica,3,Karađorđeva šnicla,completed,5,2026-01-21 18:00:00,Wednesday,January
2026-05-23,12,0,Stara Srpska Kuća,2,Karađorđeva šnicla,confirmed,5,2026-05-23 12:00:00,Saturday,May
2026-04-09,20,0,Zlatna Ribica,2,Rižoto sa plodovima mora,completed,5,2026-04-09 20:00:00,Thursday,April
2026-01-26,13,30,Villa Nova,4,Karađorđeva šnicla,confirmed,4,2026-01-26 13:30:00,Monday,January
2026-01-08,20,30,Zlatna Ribica,2,Grilovani list,completed,4,2026-01-08 20:30:00,Thursday,January
2026-04-10,12,0,Rustika,2,Domaći sok,completed,5,2026-04-10 12:00:00,Friday,April
2026-03-28,21,0,Rustika,4,Punjene pečurke,confirmed,5,2026-03-28 21:00:00,Saturday,March
2026-02-11,12,30,Villa Nova,3,Šopska salata,confirmed,5,2026-02-11 12:30:00,Wednesday,February
2026-06-21,21,30,Trpeza Balkana,6,Karađorđeva šnicla,completed,3,2026-06-21 21:30:00,Sunday,June
2026-01-14,19,30,Trpeza Balkana,1,Šopska salata,cancelled,5,2026-01-14 19:30:00,Wednesday,January
2026-03-19,21,0,Stara Srpska Kuća,2,Šopska salata,cancelled,4,2026-03-19 21:00:00,Thursday,March
2026-01-02,13,30,Stara Srpska Kuća,2,Punjene pečurke,confirmed,5,2026-01-02 13:30:00,Friday,January
2026-04-29,20,0,Zlatna Ribica,4,Grilovani list,completed,3,2026-04-29 20:00:00,Wednesday,April
2026-02-06,12,0,Stara Srpska Kuća,5,Rižoto sa plodovima mora,completed,3,2026-02-06 12:00:00,Friday,February
2026-03-10,20,30,Villa Nova,2,Baklava,cancelled,3,2026-03-10 20:30:00,Tuesday,March
2026-06-15,13,0,Sonic Restaurant,2,Punjene pečurke,completed,5,2026-06-15 13:00:00,Monday,June
2026-02-10,12,30,Rustika,4,Šopska salata,confirmed,4,2026-02-10 12:30:00,Tuesday,February
2026-03-03,21,0,Sonic Restaurant,5,Pršuta i sir,completed,4,2026-03-03 21:00:00,Tuesday,March
2026-03-01,20,30,Sonic Restaurant,4,Rižoto sa plodovima mora,confirmed,4,2026-03-01 20:30:00,Sunday,March
2026-05-05,20,0,Villa Nova,2,Šopska salata,confirmed,3,2026-05-05 20:00:00,Tuesday,May
2026-04-21,19,0,Sonic Restaurant,2,Karađorđeva šnicla,completed,4,2026-04-21 19:00:00,Tuesday,April
2026-01-14,19,30,Sonic Restaurant,1,Punjene pečurke,cancelled,4,2026-01-14 19:30:00,Wednesday,January
2026-03-25,20,30,Stara Srpska Kuća,5,Kafa,confirmed,5,2026-03-25 20:30:00,Wednesday,March
2026-05-10,21,30,Trpeza Balkana,2,Šopska salata,completed,3,2026-05-10 21:30:00,Sunday,May
2026-03-11,19,30,Sonic Restaurant,4,Grilovani list,confirmed,4,2026-03-11 19:30:00,Wednesday,March
2026-05-25,19,0,Zlatna Ribica,2,Grilovani list,cancelled,5,2026-05-25 19:00:00,Monday,May
2026-05-03,21,30,Zlatna Ribica,4,Punjene pečurke,completed,4,2026-05-03 21:30:00,Sunday,May
2026-03-30,19,30,Trpeza Balkana,6,Palačinke,confirmed,4,2026-03-30 19:30:00,Monday,March
2026-01-28,13,0,Trpeza Balkana,6,Pršuta i sir,confirmed,3,2026-01-28 13:00:00,Wednesday,January
2026-03-07,21,30,Zlatna Ribica,2,Pileći medaljoni,confirmed,5,2026-03-07 21:30:00,Saturday,March
2026-06-12,20,30,Sonic Restaurant,2,Karađorđeva šnicla,confirmed,5,2026-06-12 20:30:00,Friday,June
2026-01-05,19,0,Rustika,2,Šopska salata,confirmed,5,2026-01-05 19:00:00,Monday,January
2026-07-12,13,30,Sonic Restaurant,4,Punjene pečurke,completed,4,2026-07-12 13:30:00,Sunday,July
2026-06-17,21,30,Zlatna Ribica,2,Domaći sok,confirmed,2,2026-06-17 21:30:00,Wednesday,June
2026-07-23,13,30,Sonic Restaurant,5,Grilovani list,completed,4,2026-07-23 13:30:00,Thursday,July
2026-07-03,13,30,Rustika,5,Šopska salata,confirmed,4,2026-07-03 13:30:00,Friday,July
2026-06-13,13,30,Sonic Restaurant,4,Rižoto sa plodovima mora,completed,3,2026-06-13 13:30:00,Saturday,June
2026-02-14,12,30,Sonic Restaurant,2,Pileći medaljoni,confirmed,4,2026-02-14 12:30:00,Saturday,February
2026-05-31,18,0,Trpeza Balkana,3,Baklava,confirmed,3,2026-05-31 18:00:00,Sunday,May
2026-02-16,12,30,Zlatna Ribica,2,Grilovani list,completed,4,2026-02-16 12:30:00,Monday,February
2026-01-31,19,0,Stara Srpska Kuća,4,Rižoto sa plodovima mora,confirmed,4,2026-01-31 19:00:00,Saturday,January
2026-05-19,13,0,Zlatna Ribica,2,Šopska salata,cancelled,4,2026-05-19 13:00:00,Tuesday,May
2026-01-10,19,0,Trpeza Balkana,4,Pršuta i sir,completed,5,2026-01-10 19:00:00,Saturday,January
2026-07-14,21,0,Villa Nova,3,Karađorđeva šnicla,completed,4,2026-07-14 21:00:00,Tuesday,July
2026-04-28,20,30,Zlatna Ribica,2,Rižoto sa plodovima mora,confirmed,3,2026-04-28 20:30:00,Tuesday,April
2026-01-14,20,30,Sonic Restaurant,3,Pršuta i sir,confirmed,3,2026-01-14 20:30:00,Wednesday,January
2026-03-21,12,30,Stara Srpska Kuća,3,Palačinke,confirmed,4,2026-03-21 12:30:00,Saturday,March
2026-07-21,19,0,Rustika,6,Karađorđeva šnicla,completed,5,2026-07-21 19:00:00,Tuesday,July
2026-04-03,20,30,Rustika,5,Baklava,confirmed,3,2026-04-03 20:30:00,Friday,April
2026-01-10,21,30,Stara Srpska Kuća,4,Karađorđeva šnicla,confirmed,2,2026-01-10 21:30:00,Saturday,January
2026-03-17,13,30,Stara Srpska Kuća,2,Grilovani list,confirmed,5,2026-03-17 13:30:00,Tuesday,March
2026-04-04,21,0,Trpeza Balkana,2,Grilovani list,confirmed,5,2026-04-04 21:00:00,Saturday,April
2026-04-15,21,0,Sonic Restaurant,4,Palačinke,confirmed,5,2026-04-15 21:00:00,Wednesday,April
2026-01-01,12,30,Sonic Restaurant,2,Karađorđeva šnicla,completed,5,2026-01-01 12:30:00,Thursday,January
2026-05-13,13,0,Stara Srpska Kuća,6,Šopska salata,confirmed,4,2026-05-13 13:00:00,Wednesday,May
2026-01-20,12,0,Stara Srpska Kuća,5,Pileći medaljoni,completed,5,2026-01-20 12:00:00,Tuesday,January
2026-01-08,13,30,Sonic Restaurant,4,Kafa,confirmed,5,2026-01-08 13:30:00,Thursday,January
2026-06-20,20,0,Trpeza Balkana,2,Baklava,completed,4,2026-06-20 20:00:00,Saturday,June
2026-07-23,20,0,Sonic Restaurant,4,Šopska salata,confirmed,3,2026-07-23 20:00:00,Thursday,July
2026-01-01,20,30,Sonic Restaurant,2,Palačinke,confirmed,4,2026-01-01 20:30:00,Thursday,January
2026-02-26,18,0,Sonic Restaurant,5,Pršuta i sir,confirmed,4,2026-02-26 18:00:00,Thursday,February
2026-03-05,21,0,Sonic Restaurant,1,Baklava,confirmed,4,2026-03-05 21:00:00,Thursday,March
2026-04-28,19,0,Stara Srpska Kuća,2,Grilovani list,confirmed,4,2026-04-28 19:00:00,Tuesday,April
2026-01-28,13,0,Sonic Restaurant,3,Karađorđeva šnicla,cancelled,4,2026-01-28 13:00:00,Wednesday,January
2026-05-01,18,0,Trpeza Balkana,3,Pršuta i sir,completed,4,2026-05-01 18:00:00,Friday,May
2026-04-17,21,0,Stara Srpska Kuća,2,Rižoto sa plodovima mora,confirmed,5,2026-04-17 21:00:00,Friday,April
2026-06-14,20,0,Stara Srpska Kuća,5,Rižoto sa plodovima mora,completed,5,2026-06-14 20:00:00,Sunday,June
2026-06-24,19,0,Stara Srpska Kuća,3,Pileći medaljoni,completed,4,2026-06-24 19:00:00,Wednesday,June
2026-07-23,13,30,Zlatna Ribica,4,Rižoto sa plodovima mora,confirmed,5,2026-07-23 13:30:00,Thursday,July
2026-06-14,12,30,Rustika,4,Pršuta i sir,cancelled,5,2026-06-14 12:30:00,Sunday,June
2026-02-18,20,30,Stara Srpska Kuća,3,Karađorđeva šnicla,cancelled,5,2026-02-18 20:30:00,Wednesday,February
2026-04-30,21,30,Villa Nova,5,Domaći sok,cancelled,4,2026-04-30 21:30:00,Thursday,April
2026-02-13,12,0,Stara Srpska Kuća,6,Tiramisu,confirmed,5,2026-02-13 12:00:00,Friday,February
2026-02-25,12,30,Rustika,2,Tiramisu,confirmed,4,2026-02-25 12:30:00,Wednesday,February
2026-06-05,13,30,Sonic Restaurant,2,Rižoto sa plodovima mora,confirmed,5,2026-06-05 13:30:00,Friday,June
2026-04-21,19,0,Zlatna Ribica,5,Pileći medaljoni,completed,4,2026-04-21 19:00:00,Tuesday,April
2026-07-26,12,0,Zlatna Ribica,1,Tiramisu,confirmed,5,2026-07-26 12:00:00,Sunday,July
2026-05-14,20,0,Sonic Restaurant,2,Palačinke,cancelled,4,2026-05-14 20:00:00,Thursday,May
2026-04-18,13,0,Rustika,4,Baklava,confirmed,4,2026-04-18 13:00:00,Saturday,April
2026-07-08,13,0,Trpeza Balkana,2,Rižoto sa plodovima mora,confirmed,4,2026-07-08 13:00:00,Wednesday,July
2026-05-28,12,30,Sonic Restaurant,4,Pršuta i sir,completed,5,2026-05-28 12:30:00,Thursday,May
2026-04-24,20,0,Stara Srpska Kuća,3,Baklava,completed,4,2026-04-24 20:00:00,Friday,April
2026-03-19,13,30,Stara Srpska Kuća,6,Grilovani list,confirmed,5,2026-03-19 13:30:00,Thursday,March
2026-05-10,20,30,Rustika,6,Pršuta i sir,cancelled,4,2026-05-10 20:30:00,Sunday,May
2026-07-20,20,0,Zlatna Ribica,2,Baklava,confirmed,5,2026-07-20 20:00:00,Monday,July
2026-02-06,19,30,Sonic Restaurant,2,Punjene pečurke,confirmed,3,2026-02-06 19:30:00,Friday,February
2026-01-20,19,30,Trpeza Balkana,5,Pileći medaljoni,cancelled,4,2026-01-20 19:30:00,Tuesday,January
2026-01-26,12,0,Rustika,2,Pršuta i sir,cancelled,4,2026-01-26 12:00:00,Monday,January
2026-01-29,20,30,Zlatna Ribica,2,Vino kuće,cancelled,5,2026-01-29 20:30:00,Thursday,January
2026-01-01,12,30,Trpeza Balkana,2,Pršuta i sir,cancelled,5,2026-01-01 12:30:00,Thursday,January
2026-04-29,21,30,Trpeza Balkana,1,Šopska salata,completed,5,2026-04-29 21:30:00,Wednesday,April
2026-02-04,19,0,Sonic Restaurant,3,Šopska salata,cancelled,4,2026-02-04 19:00:00,Wednesday,February
2026-07-17,12,0,Stara Srpska Kuća,4,Punjene pečurke,confirmed,4,2026-07-17 12:00:00,Friday,July
2026-02-28,13,0,Rustika,6,Šopska salata,completed,4,2026-02-28 13:00:00,Saturday,February
2026-03-10,13,30,Sonic Restaurant,3,Pileći medaljoni,completed,5,2026-03-10 13:30:00,Tuesday,March
2026-06-10,21,0,Rustika,4,Pileći medaljoni,confirmed,5,2026-06-10 21:00:00,Wednesday,June
2026-06-28,18,30,Stara Srpska Kuća,4,Pileći medaljoni,confirmed,4,2026-06-28 18:30:00,Sunday,June
2026-07-25,20,0,Stara Srpska Kuća,2,Karađorđeva šnicla,confirmed,4,2026-07-25 20:00:00,Saturday,July
2026-01-12,21,30,Villa Nova,2,Grilovani list,completed,5,2026-01-12 21:30:00,Monday,January
2026-01-20,13,0,Zlatna Ribica,1,Karađorđeva šnicla,confirmed,5,2026-01-20 13:00:00,Tuesday,January
2026-06-30,21,0,Sonic Restaurant,2,Palačinke,cancelled,4,2026-06-30 21:00:00,Tuesday,June
2026-02-12,20,30,Trpeza Balkana,1,Grilovani list,confirmed,4,2026-02-12 20:30:00,Thursday,February
2026-05-06,21,0,Trpeza Balkana,3,Karađorđeva šnicla,confirmed,5,2026-05-06 21:00:00,Wednesday,May
2026-02-19,20,30,Zlatna Ribica,5,Karađorđeva šnicla,cancelled,3,2026-02-19 20:30:00,Thursday,February
2026-01-29,13,0,Stara Srpska Kuća,5,Punjene pečurke,completed,4,2026-01-29 13:00:00,Thursday,January
2026-07-04,20,0,Rustika,3,Karađorđeva šnicla,confirmed,4,2026-07-04 20:00:00,Saturday,July
2026-02-08,21,30,Rustika,2,Pileći medaljoni,confirmed,3,2026-02-08 21:30:00,Sunday,February
2026-07-03,12,30,Stara Srpska Kuća,4,Karađorđeva šnicla,completed,4,2026-07-03 12:30:00,Friday,July
2026-06-20,21,30,Rustika,1,Baklava,cancelled,5,2026-06-20 21:30:00,Saturday,June
2026-06-27,20,0,Rustika,4,Tiramisu,cancelled,4,2026-06-27 20:00:00,Saturday,June
2026-05-31,20,30,Zlatna Ribica,2,Tiramisu,completed,4,2026-05-31 20:30:00,Sunday,May
2026-06-21,20,0,Zlatna Ribica,3,Rižoto sa plodovima mora,confirmed,3,2026-06-21 20:00:00,Sunday,June
2026-02-07,12,30,Sonic Restaurant,4,Pršuta i sir,confirmed,4,2026-02-07 12:30:00,Saturday,February
2026-03-25,13,30,Sonic Restaurant,1,Pršuta i sir,confirmed,3,2026-03-25 13:30:00,Wednesday,March
2026-05-31,20,30,Trpeza Balkana,6,Rižoto sa plodovima mora,confirmed,4,2026-05-31 20:30:00,Sunday,May
2026-05-08,19,30,Rustika,2,Rižoto sa plodovima mora,confirmed,5,2026-05-08 19:30:00,Friday,May
2026-05-06,12,30,Zlatna Ribica,5,Karađorđeva šnicla,confirmed,3,2026-05-06 12:30:00,Wednesday,May
2026-02-14,18,30,Zlatna Ribica,3,Baklava,completed,4,2026-02-14 18:30:00,Saturday,February
2026-02-21,19,0,Stara Srpska Kuća,5,Grilovani list,confirmed,4,2026-02-21 19:00:00,Saturday,February
2026-03-21,13,30,Stara Srpska Kuća,1,Pileći medaljoni,completed,3,2026-03-21 13:30:00,Saturday,March
2026-06-27,12,0,Sonic Restaurant,5,Pileći medaljoni,cancelled,5,2026-06-27 12:00:00,Saturday,June
2026-05-04,20,30,Stara Srpska Kuća,2,Pršuta i sir,completed,3,2026-05-04 20:30:00,Monday,May
2026-04-29,18,30,Zlatna Ribica,2,Baklava,completed,4,2026-04-29 18:30:00,Wednesday,April
2026-01-08,21,30,Sonic Restaurant,4,Punjene pečurke,completed,4,2026-01-08 21:30:00,Thursday,January
2026-03-26,12,0,Trpeza Balkana,2,Punjene pečurke,confirmed,4,2026-03-26 12:00:00,Thursday,March
2026-05-09,20,0,Sonic Restaurant,3,Pileći medaljoni,confirmed,4,2026-05-09 20:00:00,Saturday,May
2026-01-08,21,30,Zlatna Ribica,2,Karađorđeva šnicla,confirmed,4,2026-01-08 21:30:00,Thursday,January
2026-06-06,12,0,Zlatna Ribica,2,Rižoto sa plodovima mora,confirmed,4,2026-06-06 12:00:00,Saturday,June
2026-04-06,13,30,Stara Srpska Kuća,4,Tiramisu,completed,4,2026-04-06 13:30:00,Monday,April
2026-04-12,20,30,Stara Srpska Kuća,1,Kafa,cancelled,4,2026-04-12 20:30:00,Sunday,April
2026-01-05,12,0,Sonic Restaurant,4,Šopska salata,cancelled,4,2026-01-05 12:00:00,Monday,January
2026-03-27,21,0,Rustika,2,Grilovani list,confirmed,5,2026-03-27 21:00:00,Friday,March
2026-06-24,12,0,Stara Srpska Kuća,4,Karađorđeva šnicla,cancelled,5,2026-06-24 12:00:00,Wednesday,June
2026-02-03,19,0,Trpeza Balkana,2,Rižoto sa plodovima mora,confirmed,5,2026-02-03 19:00:00,Tuesday,February
2026-07-12,20,30,Villa Nova,4,Baklava,completed,5,2026-07-12 20:30:00,Sunday,July
2026-02-24,12,0,Trpeza Balkana,5,Šopska salata,confirmed,4,2026-02-24 12:00:00,Tuesday,February
2026-04-29,19,0,Stara Srpska Kuća,1,Palačinke,confirmed,5,2026-04-29 19:00:00,Wednesday,April
2026-06-20,13,30,Rustika,6,Pršuta i sir,confirmed,4,2026-06-20 13:30:00,Saturday,June
2026-07-21,13,0,Stara Srpska Kuća,3,Karađorđeva šnicla,cancelled,5,2026-07-21 13:00:00,Tuesday,July
2026-06-07,21,0,Sonic Restaurant,3,Karađorđeva šnicla,confirmed,3,2026-06-07 21:00:00,Sunday,June
2026-04-24,20,0,Rustika,3,Karađorđeva šnicla,confirmed,4,2026-04-24 20:00:00,Friday,April
2026-07-29,13,0,Zlatna Ribica,4,Pršuta i sir,cancelled,5,2026-07-29 13:00:00,Wednesday,July
2026-05-25,20,30,Sonic Restaurant,2,Grilovani list,cancelled,5,2026-05-25 20:30:00,Monday,May
2026-01-26,19,30,Sonic Restaurant,4,Šopska salata,confirmed,4,2026-01-26 19:30:00,Monday,January
2026-05-16,12,0,Sonic Restaurant,2,Punjene pečurke,completed,3,2026-05-16 12:00:00,Saturday,May
2026-02-16,19,0,Zlatna Ribica,5,Grilovani list,confirmed,4,2026-02-16 19:00:00,Monday,February
2026-04-23,20,30,Sonic Restaurant,6,Karađorđeva šnicla,confirmed,5,2026-04-23 20:30:00,Thursday,April
2026-03-17,21,0,Villa Nova,6,Karađorđeva šnicla,completed,4,2026-03-17 21:00:00,Tuesday,March
2026-03-13,20,0,Villa Nova,5,Šopska salata,confirmed,4,2026-03-13 20:00:00,Friday,March
2026-03-30,13,0,Rustika,2,Pileći medaljoni,completed,5,2026-03-30 13:00:00,Monday,March
2026-02-15,20,0,Sonic Restaurant,2,Rižoto sa plodovima mora,completed,4,2026-02-15 20:00:00,Sunday,February
2026-07-15,12,0,Trpeza Balkana,1,Baklava,completed,4,2026-07-15 12:00:00,Wednesday,July
2026-02-02,20,0,Rustika,6,Pršuta i sir,completed,4,2026-02-02 20:00:00,Monday,February
2026-01-01,19,0,Rustika,3,Pileći medaljoni,completed,4,2026-01-01 19:00:00,Thursday,January
2026-05-27,21,0,Sonic Restaurant,4,Šopska salata,confirmed,4,2026-05-27 21:00:00,Wednesday,May
2026-01-31,20,0,Stara Srpska Kuća,2,Baklava,confirmed,5,2026-01-31 20:00:00,Saturday,January
2026-07-27,19,30,Stara Srpska Kuća,5,Punjene pečurke,completed,3,2026-07-27 19:30:00,Monday,July
2026-05-22,12,30,Zlatna Ribica,4,Rižoto sa plodovima mora,completed,4,2026-05-22 12:30:00,Friday,May
2026-02-22,21,30,Zlatna Ribica,1,Rižoto sa plodovima mora,completed,3,2026-02-22 21:30:00,Sunday,February
2026-02-17,21,0,Rustika,3,Šopska salata,completed,4,2026-02-17 21:00:00,Tuesday,February
2026-03-10,12,0,Sonic Restaurant,6,Pileći medaljoni,confirmed,5,2026-03-10 12:00:00,Tuesday,March
2026-04-15,19,30,Stara Srpska Kuća,4,Punjene pečurke,completed,4,2026-04-15 19:30:00,Wednesday,April
2026-03-31,18,0,Sonic Restaurant,5,Palačinke,confirmed,3,2026-03-31 18:00:00,Tuesday,March
2026-07-09,20,30,Sonic Restaurant,1,Palačinke,cancelled,4,2026-07-09 20:30:00,Thursday,July
2026-07-13,12,0,Stara Srpska Kuća,4,Grilovani list,completed,5,2026-07-13 12:00:00,Monday,July
2026-07-11,20,30,Trpeza Balkana,2,Karađorđeva šnicla,confirmed,5,2026-07-11 20:30:00,Saturday,July
2026-07-17,21,30,Zlatna Ribica,6,Grilovani list,confirmed,4,2026-07-17 21:30:00,Friday,July
2026-03-04,18,30,Trpeza Balkana,4,Šopska salata,cancelled,4,2026-03-04 18:30:00,Wednesday,March
2026-03-14,12,0,Sonic Restaurant,3,Rižoto sa plodovima mora,confirmed,4,2026-03-14 12:00:00,Saturday,March
2026-06-10,20,30,Sonic Restaurant,5,Karađorđeva šnicla,completed,5,2026-06-10 20:30:00,Wednesday,June
2026-06-18,21,0,Sonic Restaurant,5,Karađorđeva šnicla,completed,3,2026-06-18 21:00:00,Thursday,June
2026-03-30,21,0,Rustika,2,Rižoto sa plodovima mora,completed,4,2026-03-30 21:00:00,Monday,March
2026-06-25,21,0,Stara Srpska Kuća,2,Karađorđeva šnicla,confirmed,5,2026-06-25 21:00:00,Thursday,June
2026-01-13,19,0,Rustika,2,Karađorđeva šnicla,completed,4,2026-01-13 19:00:00,Tuesday,January
2026-03-14,20,0,Sonic Restaurant,3,Punjene pečurke,cancelled,4,2026-03-14 20:00:00,Saturday,March
2026-03-18,20,0,Rustika,4,Karađorđeva šnicla,cancelled,4,2026-03-18 20:00:00,Wednesday,March
2026-06-08,13,0,Rustika,5,Karađorđeva šnicla,completed,4,2026-06-08 13:00:00,Monday,June
2026-07-22,12,30,Sonic Restaurant,5,Baklava,cancelled,4,2026-07-22 12:30:00,Wednesday,July
2026-03-09,21,30,Trpeza Balkana,5,Baklava,completed,3,2026-03-09 21:30:00,Monday,March
2026-04-08,21,30,Stara Srpska Kuća,2,Rižoto sa plodovima mora,confirmed,4,2026-04-08 21:30:00,Wednesday,April
2026-05-05,18,0,Rustika,2,Karađorđeva šnicla,completed,4,2026-05-05 18:00:00,Tuesday,May
2026-04-12,21,0,Sonic Restaurant,2,Punjene pečurke,confirmed,3,2026-04-12 21:00:00,Sunday,April
2026-05-12,12,0,Sonic Restaurant,1,Rižoto sa plodovima mora,confirmed,5,2026-05-12 12:00:00,Tuesday,May
2026-04-12,12,0,Trpeza Balkana,2,Karađorđeva šnicla,confirmed,5,2026-04-12 12:00:00,Sunday,April
2026-01-19,19,30,Rustika,6,Karađorđeva šnicla,cancelled,4,2026-01-19 19:30:00,Monday,January
2026-07-17,21,0,Stara Srpska Kuća,4,Karađorđeva šnicla,completed,4,2026-07-17 21:00:00,Friday,July
2026-03-23,20,30,Trpeza Balkana,4,Pršuta i sir,completed,4,2026-03-23 20:30:00,Monday,March
2026-05-21,20,0,Sonic Restaurant,1,Palačinke,confirmed,4,2026-05-21 20:00:00,Thursday,May
2026-01-23,13,30,Sonic Restaurant,4,Baklava,confirmed,4,2026-01-23 13:30:00,Friday,January
2026-03-24,19,0,Trpeza Balkana,4,Pileći medaljoni,confirmed,5,2026-03-24 19:00:00,Tuesday,March
2026-04-19,19,30,Sonic Restaurant,2,Rižoto sa plodovima mora,completed,4,2026-04-19 19:30:00,Sunday,April
2026-03-16,21,0,Sonic Restaurant,4,Pršuta i sir,confirmed,2,2026-03-16 21:00:00,Monday,March
2026-05-09,19,30,Rustika,5,Rižoto sa plodovima mora,confirmed,5,2026-05-09 19:30:00,Saturday,May
2026-03-29,20,0,Stara Srpska Kuća,2,Grilovani list,confirmed,5,2026-03-29 20:00:00,Sunday,March
2026-02-23,13,30,Trpeza Balkana,2,Punjene pečurke,completed,5,2026-02-23 13:30:00,Monday,February
2026-07-18,21,30,Stara Srpska Kuća,4,Palačinke,completed,5,2026-07-18 21:30:00,Saturday,July
2026-03-30,12,0,Stara Srpska Kuća,3,Rižoto sa plodovima mora,completed,5,2026-03-30 12:00:00,Monday,March
2026-05-23,19,30,Stara Srpska Kuća,3,Baklava,confirmed,5,2026-05-23 19:30:00,Saturday,May
2026-03-06,13,0,Zlatna Ribica,3,Rižoto sa plodovima mora,confirmed,5,2026-03-06 13:00:00,Friday,March
2026-03-17,19,0,Trpeza Balkana,4,Rižoto sa plodovima mora,confirmed,5,2026-03-17 19:00:00,Tuesday,March
2026-07-18,12,0,Stara Srpska Kuća,6,Karađorđeva šnicla,confirmed,4,2026-07-18 12:00:00,Saturday,July
2026-05-23,20,30,Stara Srpska Kuća,5,Punjene pečurke,confirmed,3,2026-05-23 20:30:00,Saturday,May
2026-05-29,12,30,Rustika,4,Baklava,confirmed,3,2026-05-29 12:30:00,Friday,May
2026-05-27,19,0,Stara Srpska Kuća,4,Punjene pečurke,confirmed,3,2026-05-27 19:00:00,Wednesday,May
2026-03-01,19,0,Rustika,6,Karađorđeva šnicla,confirmed,2,2026-03-01 19:00:00,Sunday,March
2026-04-03,18,30,Stara Srpska Kuća,4,Karađorđeva šnicla,confirmed,4,2026-04-03 18:30:00,Friday,April
2026-06-10,18,30,Trpeza Balkana,1,Pršuta i sir,completed,5,2026-06-10 18:30:00,Wednesday,June
2026-02-18,12,30,Sonic Restaurant,2,Rižoto sa plodovima mora,cancelled,3,2026-02-18 12:30:00,Wednesday,February
2026-02-04,20,0,Rustika,5,Rižoto sa plodovima mora,cancelled,5,2026-02-04 20:00:00,Wednesday,February
2026-06-21,21,0,Trpeza Balkana,4,Domaći sok,confirmed,5,2026-06-21 21:00:00,Sunday,June
2026-04-12,18,0,Sonic Restaurant,2,Šopska salata,confirmed,4,2026-04-12 18:00:00,Sunday,April
2026-01-11,12,0,Stara Srpska Kuća,2,Rižoto sa plodovima mora,completed,5,2026-01-11 12:00:00,Sunday,January
2026-04-09,19,0,Trpeza Balkana,2,Karađorđeva šnicla,confirmed,4,2026-04-09 19:00:00,Thursday,April
2026-07-19,13,30,Zlatna Ribica,1,Karađorđeva šnicla,completed,5,2026-07-19 13:30:00,Sunday,July
2026-04-20,13,0,Stara Srpska Kuća,1,Punjene pečurke,completed,4,2026-04-20 13:00:00,Monday,April
2026-07-25,13,30,Stara Srpska Kuća,4,Baklava,cancelled,4,2026-07-25 13:30:00,Saturday,July
2026-03-15,13,30,Rustika,1,Punjene pečurke,completed,4,2026-03-15 13:30:00,Sunday,March
2026-07-13,13,0,Stara Srpska Kuća,3,Rižoto sa plodovima mora,completed,3,2026-07-13 13:00:00,Monday,July
2026-06-23,18,30,Zlatna Ribica,2,Karađorđeva šnicla,completed,3,2026-06-23 18:30:00,Tuesday,June
2026-01-09,12,0,Sonic Restaurant,3,Domaći sok,confirmed,5,2026-01-09 12:00:00,Friday,January
2026-01-03,13,30,Rustika,4,Vino kuće,confirmed,5,2026-01-03 13:30:00,Saturday,January
2026-03-26,21,0,Rustika,4,Pileći medaljoni,confirmed,4,2026-03-26 21:00:00,Thursday,March
2026-01-26,21,0,Villa Nova,6,Karađorđeva šnicla,confirmed,5,2026-01-26 21:00:00,Monday,January
2026-03-13,21,30,Stara Srpska Kuća,4,Pileći medaljoni,confirmed,3,2026-03-13 21:30:00,Friday,March
2026-02-17,20,0,Rustika,6,Palačinke,confirmed,5,2026-02-17 20:00:00,Tuesday,February
2026-07-13,20,30,Stara Srpska Kuća,2,Punjene pečurke,cancelled,3,2026-07-13 20:30:00,Monday,July
2026-07-17,19,0,Zlatna Ribica,1,Šopska salata,confirmed,3,2026-07-17 19:00:00,Friday,July
2026-06-05,20,0,Zlatna Ribica,1,Karađorđeva šnicla,confirmed,5,2026-06-05 20:00:00,Friday,June
2026-04-27,18,0,Stara Srpska Kuća,4,Karađorđeva šnicla,confirmed,4,2026-04-27 18:00:00,Monday,April
2026-06-03,20,30,Villa Nova,2,Karađorđeva šnicla,completed,4,2026-06-03 20:30:00,Wednesday,June
2026-06-02,13,30,Stara Srpska Kuća,2,Palačinke,confirmed,5,2026-06-02 13:30:00,Tuesday,June
2026-01-12,20,0,Trpeza Balkana,4,Pileći medaljoni,cancelled,5,2026-01-12 20:00:00,Monday,January
2026-05-13,20,30,Trpeza Balkana,4,Baklava,completed,4,2026-05-13 20:30:00,Wednesday,May
2026-02-17,19,0,Trpeza Balkana,4,Karađorđeva šnicla,completed,4,2026-02-17 19:00:00,Tuesday,February
2026-02-06,19,30,Stara Srpska Kuća,3,Tiramisu,confirmed,4,2026-02-06 19:30:00,Friday,February
2026-07-26,18,30,Sonic Restaurant,5,Baklava,confirmed,3,2026-07-26 18:30:00,Sunday,July
2026-02-13,13,0,Rustika,4,Grilovani list,completed,4,2026-02-13 13:00:00,Friday,February
2026-01-15,20,0,Sonic Restaurant,2,Palačinke,confirmed,5,2026-01-15 20:00:00,Thursday,January
2026-02-12,12,0,Sonic Restaurant,1,Grilovani list,confirmed,4,2026-02-12 12:00:00,Thursday,February
2026-06-25,20,0,Stara Srpska Kuća,6,Karađorđeva šnicla,confirmed,4,2026-06-25 20:00:00,Thursday,June
2026-03-28,20,0,Sonic Restaurant,3,Grilovani list,cancelled,5,2026-03-28 20:00:00,Saturday,March
2026-03-11,19,30,Rustika,3,Palačinke,confirmed,4,2026-03-11 19:30:00,Wednesday,March
2026-02-15,12,30,Sonic Restaurant,2,Palačinke,completed,4,2026-02-15 12:30:00,Sunday,February
2026-04-18,12,0,Zlatna Ribica,2,Rižoto sa plodovima mora,confirmed,3,2026-04-18 12:00:00,Saturday,April
2026-05-03,18,0,Sonic Restaurant,3,Punjene pečurke,completed,5,2026-05-03 18:00:00,Sunday,May
2026-06-20,20,0,Sonic Restaurant,2,Punjene pečurke,completed,3,2026-06-20 20:00:00,Saturday,June
2026-01-21,19,30,Stara Srpska Kuća,4,Baklava,confirmed,4,2026-01-21 19:30:00,Wednesday,January
2026-05-31,13,0,Sonic Restaurant,6,Grilovani list,confirmed,3,2026-05-31 13:00:00,Sunday,May
2026-04-17,13,0,Sonic Restaurant,6,Pileći medaljoni,confirmed,5,2026-04-17 13:00:00,Friday,April
2026-03-21,19,30,Zlatna Ribica,4,Punjene pečurke,confirmed,5,2026-03-21 19:30:00,Saturday,March
2026-02-16,19,30,Sonic Restaurant,1,Karađorđeva šnicla,cancelled,4,2026-02-16 19:30:00,Monday,February
2026-04-27,20,30,Sonic Restaurant,4,Rižoto sa plodovima mora,confirmed,4,2026-04-27 20:30:00,Monday,April
2026-05-04,19,30,Sonic Restaurant,3,Punjene pečurke,completed,5,2026-05-04 19:30:00,Monday,May
2026-05-23,18,0,Stara Srpska Kuća,2,Grilovani list,confirmed,5,2026-05-23 18:00:00,Saturday,May
2026-01-25,20,30,Villa Nova,4,Tiramisu,confirmed,4,2026-01-25 20:30:00,Sunday,January
2026-02-05,19,30,Zlatna Ribica,4,Karađorđeva šnicla,completed,4,2026-02-05 19:30:00,Thursday,February
2026-07-22,12,0,Stara Srpska Kuća,4,Tiramisu,completed,5,2026-07-22 12:00:00,Wednesday,July
2026-02-20,21,0,Stara Srpska Kuća,2,Karađorđeva šnicla,confirmed,4,2026-02-20 21:00:00,Friday,February
2026-01-15,19,0,Villa Nova,4,Karađorđeva šnicla,completed,4,2026-01-15 19:00:00,Thursday,January
2026-03-09,13,30,Stara Srpska Kuća,2,Grilovani list,confirmed,5,2026-03-09 13:30:00,Monday,March
2026-01-21,20,0,Rustika,6,Šopska salata,cancelled,5,2026-01-21 20:00:00,Wednesday,January
2026-05-21,19,30,Stara Srpska Kuća,2,Šopska salata,confirmed,4,2026-05-21 19:30:00,Thursday,May
2026-01-19,20,30,Villa Nova,3,Karađorđeva šnicla,confirmed,3,2026-01-19 20:30:00,Monday,January
2026-02-03,18,30,Rustika,2,Karađorđeva šnicla,completed,5,2026-02-03 18:30:00,Tuesday,February
2026-03-19,19,0,Zlatna Ribica,6,Pršuta i sir,confirmed,4,2026-03-19 19:00:00,Thursday,March
2026-05-05,13,30,Stara Srpska Kuća,2,Pileći medaljoni,confirmed,5,2026-05-05 13:30:00,Tuesday,May
2026-07-15,19,0,Stara Srpska Kuća,5,Baklava,confirmed,3,2026-07-15 19:00:00,Wednesday,July
2026-04-27,12,0,Sonic Restaurant,5,Karađorđeva šnicla,cancelled,3,2026-04-27 12:00:00,Monday,April
2026-02-21,19,0,Sonic Restaurant,4,Pršuta i sir,cancelled,4,2026-02-21 19:00:00,Saturday,February
2026-01-27,20,30,Sonic Restaurant,4,Šopska salata,completed,5,2026-01-27 20:30:00,Tuesday,January
2026-06-06,18,30,Stara Srpska Kuća,5,Kafa,confirmed,3,2026-06-06 18:30:00,Saturday,June
2026-06-05,12,30,Zlatna Ribica,6,Punjene pečurke,completed,4,2026-06-05 12:30:00,Friday,June
2026-02-04,18,0,Zlatna Ribica,3,Grilovani list,confirmed,3,2026-02-04 18:00:00,Wednesday,February
2026-05-16,19,30,Sonic Restaurant,1,Karađorđeva šnicla,confirmed,4,2026-05-16 19:30:00,Saturday,May
2026-05-24,21,30,Stara Srpska Kuća,1,Pršuta i sir,cancelled,4,2026-05-24 21:30:00,Sunday,May
2026-04-16,12,30,Villa Nova,2,Pileći medaljoni,confirmed,3,2026-04-16 12:30:00,Thursday,April
2026-06-13,19,30,Sonic Restaurant,3,Palačinke,confirmed,5,2026-06-13 19:30:00,Saturday,June
2026-06-07,19,30,Trpeza Balkana,2,Šopska salata,completed,3,2026-06-07 19:30:00,Sunday,June
2026-05-26,12,0,Sonic Restaurant,1,Pileći medaljoni,completed,5,2026-05-26 12:00:00,Tuesday,May
2026-01-02,12,0,Stara Srpska Kuća,2,Rižoto sa plodovima mora,confirmed,5,2026-01-02 12:00:00,Friday,January
2026-06-26,21,0,Sonic Restaurant,2,Rižoto sa plodovima mora,confirmed,4,2026-06-26 21:00:00,Friday,June
2026-03-18,20,0,Sonic Restaurant,2,Grilovani list,completed,5,2026-03-18 20:00:00,Wednesday,March
2026-05-12,13,30,Rustika,1,Karađorđeva šnicla,completed,4,2026-05-12 13:30:00,Tuesday,May
2026-03-31,20,0,Zlatna Ribica,6,Pršuta i sir,confirmed,3,2026-03-31 20:00:00,Tuesday,March
2026-03-30,20,30,Stara Srpska Kuća,2,Karađorđeva šnicla,confirmed,4,2026-03-30 20:30:00,Monday,March
2026-04-04,21,0,Villa Nova,2,Karađorđeva šnicla,cancelled,3,2026-04-04 21:00:00,Saturday,April
2026-07-22,13,0,Sonic Restaurant,3,Karađorđeva šnicla,confirmed,4,2026-07-22 13:00:00,Wednesday,July
2026-01-07,13,0,Villa Nova,4,Karađorđeva šnicla,completed,3,2026-01-07 13:00:00,Wednesday,January
2026-04-05,12,30,Villa Nova,4,Karađorđeva šnicla,confirmed,5,2026-04-05 12:30:00,Sunday,April
2026-04-18,20,30,Stara Srpska Kuća,3,Punjene pečurke,confirmed,5,2026-04-18 20:30:00,Saturday,April
2026-03-15,20,0,Sonic Restaurant,5,Rižoto sa plodovima mora,confirmed,5,2026-03-15 20:00:00,Sunday,March
2026-02-08,21,30,Sonic Restaurant,1,Pršuta i sir,cancelled,4,2026-02-08 21:30:00,Sunday,February
2026-05-21,21,0,Trpeza Balkana,4,Pršuta i sir,cancelled,5,2026-05-21 21:00:00,Thursday,May
2026-06-08,19,0,Zlatna Ribica,4,Domaći sok,confirmed,5,2026-06-08 19:00:00,Monday,June
2026-03-12,19,0,Villa Nova,3,Karađorđeva šnicla,cancelled,5,2026-03-12 19:00:00,Thursday,March
2026-07-10,19,30,Trpeza Balkana,4,Rižoto sa plodovima mora,confirmed,3,2026-07-10 19:30:00,Friday,July
2026-02-25,13,0,Stara Srpska Kuća,2,Grilovani list,completed,4,2026-02-25 13:00:00,Wednesday,February
2026-06-19,19,0,Stara Srpska Kuća,1,Pileći medaljoni,confirmed,2,2026-06-19 19:00:00,Friday,June
2026-07-08,21,0,Trpeza Balkana,6,Tiramisu,cancelled,4,2026-07-08 21:00:00,Wednesday,July
2026-02-11,20,30,Stara Srpska Kuća,2,Šopska salata,confirmed,4,2026-02-11 20:30:00,Wednesday,February
2026-07-03,20,0,Trpeza Balkana,2,Punjene pečurke,completed,5,2026-07-03 20:00:00,Friday,July
2026-02-05,21,30,Sonic Restaurant,5,Rižoto sa plodovima mora,completed,4,2026-02-05 21:30:00,Thursday,February
2026-03-25,20,0,Sonic Restaurant,6,Punjene pečurke,confirmed,5,2026-03-25 20:00:00,Wednesday,March
2026-07-15,12,30,Stara Srpska Kuća,2,Karađorđeva šnicla,confirmed,5,2026-07-15 12:30:00,Wednesday,July
2026-04-28,12,0,Trpeza Balkana,4,Pršuta i sir,confirmed,4,2026-04-28 12:00:00,Tuesday,April
2026-01-07,13,0,Stara Srpska Kuća,4,Pileći medaljoni,completed,3,2026-01-07 13:00:00,Wednesday,January
2026-02-23,13,30,Trpeza Balkana,1,Rižoto sa plodovima mora,confirmed,4,2026-02-23 13:30:00,Monday,February
2026-05-09,20,30,Sonic Restaurant,4,Karađorđeva šnicla,completed,4,2026-05-09 20:30:00,Saturday,May
2026-06-21,20,0,Trpeza Balkana,2,Baklava,cancelled,4,2026-06-21 20:00:00,Sunday,June
2026-04-30,20,30,Zlatna Ribica,3,Karađorđeva šnicla,confirmed,4,2026-04-30 20:30:00,Thursday,April
2026-06-22,12,0,Stara Srpska Kuća,5,Karađorđeva šnicla,confirmed,3,2026-06-22 12:00:00,Monday,June
2026-04-16,12,0,Trpeza Balkana,2,Rižoto sa plodovima mora,completed,5,2026-04-16 12:00:00,Thursday,April
2026-02-16,12,0,Stara Srpska Kuća,2,Grilovani list,completed,5,2026-02-16 12:00:00,Monday,February
2026-05-03,13,30,Sonic Restaurant,5,Šopska salata,cancelled,4,2026-05-03 13:30:00,Sunday,May
2026-05-21,19,0,Stara Srpska Kuća,3,Pršuta i sir,confirmed,5,2026-05-21 19:00:00,Thursday,May
2026-04-29,12,30,Trpeza Balkana,4,Šopska salata,confirmed,4,2026-04-29 12:30:00,Wednesday,April
2026-05-30,12,0,Rustika,3,Rižoto sa plodovima mora,completed,5,2026-05-30 12:00:00,Saturday,May
2026-04-28,12,30,Zlatna Ribica,1,Šopska salata,cancelled,3,2026-04-28 12:30:00,Tuesday,April
2026-01-21,18,30,Zlatna Ribica,4,Palačinke,completed,4,2026-01-21 18:30:00,Wednesday,January
2026-05-17,19,0,Trpeza Balkana,4,Rižoto sa plodovima mora,confirmed,5,2026-05-17 19:00:00,Sunday,May
2026-01-26,20,30,Stara Srpska Kuća,2,Rižoto sa plodovima mora,confirmed,5,2026-01-26 20:30:00,Monday,January
2026-01-09,20,0,Rustika,4,Palačinke,confirmed,5,2026-01-09 20:00:00,Friday,January
2026-01-15,12,0,Stara Srpska Kuća,4,Karađorđeva šnicla,cancelled,3,2026-01-15 12:00:00,Thursday,January
2026-01-10,19,0,Villa Nova,3,Rižoto sa plodovima mora,confirmed,3,2026-01-10 19:00:00,Saturday,January
2026-05-02,18,0,Trpeza Balkana,5,Karađorđeva šnicla,completed,4,2026-05-02 18:00:00,Saturday,May
2026-05-01,20,0,Trpeza Balkana,3,Karađorđeva šnicla,completed,4,2026-05-01 20:00:00,Friday,May
2026-05-05,12,30,Zlatna Ribica,2,Karađorđeva šnicla,confirmed,5,2026-05-05 12:30:00,Tuesday,May
2026-06-19,13,0,Sonic Restaurant,4,Rižoto sa plodovima mora,confirmed,3,2026-06-19 13:00:00,Friday,June
2026-03-13,19,30,Zlatna Ribica,1,Punjene pečurke,completed,5,2026-03-13 19:30:00,Friday,March
2026-06-01,20,30,Stara Srpska Kuća,3,Grilovani list,confirmed,2,2026-06-01 20:30:00,Monday,June
2026-07-27,12,0,Zlatna Ribica,4,Baklava,confirmed,4,2026-07-27 12:00:00,Monday,July
2026-02-18,19,30,Zlatna Ribica,4,Rižoto sa plodovima mora,confirmed,5,2026-02-18 19:30:00,Wednesday,February
2026-06-03,18,0,Rustika,2,Domaći sok,cancelled,3,2026-06-03 18:00:00,Wednesday,June
2026-04-01,12,30,Zlatna Ribica,1,Tiramisu,cancelled,3,2026-04-01 12:30:00,Wednesday,April
2026-02-06,12,30,Stara Srpska Kuća,4,Šopska salata,completed,4,2026-02-06 12:30:00,Friday,February
2026-03-09,12,30,Sonic Restaurant,2,Tiramisu,completed,4,2026-03-09 12:30:00,Monday,March
2026-02-19,21,0,Zlatna Ribica,3,Punjene pečurke,completed,3,2026-02-19 21:00:00,Thursday,February
2026-06-01,20,30,Stara Srpska Kuća,2,Palačinke,completed,4,2026-06-01 20:30:00,Monday,June
2026-01-19,21,0,Sonic Restaurant,1,Grilovani list,cancelled,4,2026-01-19 21:00:00,Monday,January
2026-04-10,13,30,Rustika,1,Rižoto sa plodovima mora,confirmed,5,2026-04-10 13:30:00,Friday,April
2026-03-01,18,30,Zlatna Ribica,2,Šopska salata,confirmed,4,2026-03-01 18:30:00,Sunday,March
2026-06-16,21,30,Zlatna Ribica,2,Rižoto sa plodovima mora,cancelled,4,2026-06-16 21:30:00,Tuesday,June
2026-07-21,20,30,Sonic Restaurant,1,Baklava,completed,4,2026-07-21 20:30:00,Tuesday,July
2026-03-30,21,0,Trpeza Balkana,4,Palačinke,confirmed,4,2026-03-30 21:00:00,Monday,March
2026-05-26,20,0,Sonic Restaurant,2,Grilovani list,cancelled,5,2026-05-26 20:00:00,Tuesday,May
2026-05-27,19,30,Trpeza Balkana,4,Baklava,confirmed,5,2026-05-27 19:30:00,Wednesday,May
2026-06-13,21,30,Stara Srpska Kuća,4,Karađorđeva šnicla,confirmed,4,2026-06-13 21:30:00,Saturday,June
2026-07-21,20,0,Rustika,3,Rižoto sa plodovima mora,completed,4,2026-07-21 20:00:00,Tuesday,July
2026-07-02,20,0,Sonic Restaurant,2,Pileći medaljoni,confirmed,3,2026-07-02 20:00:00,Thursday,July
2026-03-10,20,0,Sonic Restaurant,3,Grilovani list,completed,5,2026-03-10 20:00:00,Tuesday,March
2026-06-24,12,0,Zlatna Ribica,6,Pršuta i sir,confirmed,4,2026-06-24 12:00:00,Wednesday,June
2026-02-18,20,30,Zlatna Ribica,6,Pršuta i sir,confirmed,4,2026-02-18 20:30:00,Wednesday,February
2026-04-18,19,30,Stara Srpska Kuća,2,Karađorđeva šnicla,confirmed,4,2026-04-18 19:30:00,Saturday,April
2026-06-10,20,0,Trpeza Balkana,4,Baklava,completed,5,2026-06-10 20:00:00,Wednesday,June
2026-04-29,13,0,Stara Srpska Kuća,2,Pršuta i sir,confirmed,5,2026-04-29 13:00:00,Wednesday,April
2026-05-29,21,0,Rustika,2,Grilovani list,cancelled,5,2026-05-29 21:00:00,Friday,May
2026-07-28,13,0,Rustika,1,Grilovani list,completed,5,2026-07-28 13:00:00,Tuesday,July
2026-05-30,19,0,Sonic Restaurant,2,Palačinke,confirmed,5,2026-05-30 19:00:00,Saturday,May
2026-06-25,20,0,Rustika,6,Baklava,confirmed,3,2026-06-25 20:00:00,Thursday,June
2026-02-06,19,30,Sonic Restaurant,6,Grilovani list,completed,5,2026-02-06 19:30:00,Friday,February
2026-05-23,13,30,Stara Srpska Kuća,4,Karađorđeva šnicla,confirmed,3,2026-05-23 13:30:00,Saturday,May
2026-06-12,13,30,Villa Nova,2,Baklava,confirmed,4,2026-06-12 13:30:00,Friday,June
2026-07-18,12,0,Zlatna Ribica,2,Pršuta i sir,confirmed,4,2026-07-18 12:00:00,Saturday,July
2026-06-09,20,0,Sonic Restaurant,2,Karađorđeva šnicla,confirmed,4,2026-06-09 20:00:00,Tuesday,June
2026-01-11,13,0,Sonic Restaurant,4,Pršuta i sir,confirmed,4,2026-01-11 13:00:00,Sunday,January
2026-05-18,21,30,Sonic Restaurant,4,Pileći medaljoni,completed,4,2026-05-18 21:30:00,Monday,May
2026-07-20,18,0,Villa Nova,2,Šopska salata,cancelled,4,2026-07-20 18:00:00,Monday,July
2026-03-19,20,0,Stara Srpska Kuća,3,Karađorđeva šnicla,confirmed,4,2026-03-19 20:00:00,Thursday,March
2026-03-18,20,30,Sonic Restaurant,4,Pileći medaljoni,cancelled,3,2026-03-18 20:30:00,Wednesday,March
2026-07-04,12,0,Sonic Restaurant,4,Karađorđeva šnicla,cancelled,5,2026-07-04 12:00:00,Saturday,July
2026-06-02,13,30,Sonic Restaurant,4,Tiramisu,cancelled,3,2026-06-02 13:30:00,Tuesday,June
2026-01-02,12,30,Sonic Restaurant,5,Šopska salata,cancelled,4,2026-01-02 12:30:00,Friday,January
2026-03-05,20,0,Stara Srpska Kuća,2,Šopska salata,cancelled,5,2026-03-05 20:00:00,Thursday,March
2026-02-04,19,30,Stara Srpska Kuća,1,Punjene pečurke,completed,5,2026-02-04 19:30:00,Wednesday,February
2026-01-07,19,0,Stara Srpska Kuća,2,Rižoto sa plodovima mora,confirmed,4,2026-01-07 19:00:00,Wednesday,January
2026-03-26,21,30,Rustika,2,Tiramisu,completed,4,2026-03-26 21:30:00,Thursday,March
2026-05-26,20,0,Stara Srpska Kuća,2,Karađorđeva šnicla,cancelled,4,2026-05-26 20:00:00,Tuesday,May
2026-03-08,20,30,Trpeza Balkana,2,Baklava,confirmed,3,2026-03-08 20:30:00,Sunday,March
2026-02-11,13,0,Trpeza Balkana,3,Karađorđeva šnicla,confirmed,4,2026-02-11 13:00:00,Wednesday,February
2026-04-28,21,30,Rustika,1,Rižoto sa plodovima mora,confirmed,4,2026-04-28 21:30:00,Tuesday,April
2026-05-05,13,30,Rustika,2,Pileći medaljoni,cancelled,4,2026-05-05 13:30:00,Tuesday,May
2026-06-16,20,30,Stara Srpska Kuća,3,Šopska salata,completed,4,2026-06-16 20:30:00,Tuesday,June
